{M8H9-W9NL75TH-1322KOLO},01/04/2010 07:08:47,DTAA/AMA0606,PC-1514,"http://cnet.com"
{V0E1-R0FE91SC-2381GTDZ},01/04/2010 07:35:19,DTAA/DBM0698,PC-1444,"http://force.open.com"
{V7C8-H6KA39YG-3352HMOW},01/04/2010 07:40:40,DTAA/HBF0035,PC-0991,"http://tendencystem.org"
{O9P7-D9DL54YQ-9903OMYE},01/04/2010 07:52:25,DTAA/SVC0175,PC-3384,"http://bent.cup.org"
{L3J0-E4RF05KN-7341OQVW},01/04/2010 07:55:50,DTAA/CMU0028,PC-4253,"http://taxpotato.east.org"
{V8F5-V1YW04ID-3094EHZZ},01/04/2010 07:59:54,DTAA/BML0618,PC-0659,"http://go.com"
{T9F3-X3BD63FM-9227UCDE},01/04/2010 08:46:59,DTAA/ICF0629,PC-3067,"http://craigslist.org"
{S9O3-O0LV65RO-3024CVDO},01/04/2010 08:52:53,DTAA/RER0237,PC-1175,"http://stumbleupon.com"
{L6U5-J8UI71LN-9348VKUE},01/04/2010 08:58:36,DTAA/AEC0750,PC-2926,"http://google.com"
{O1L6-U4GY87BF-2466VJOL},01/04/2010 09:01:05,DTAA/AMM0661,PC-1628,"http://google.com"
{U7X8-I5PP72TG-3773ZBQU},01/04/2010 09:03:57,DTAA/CGM0319,PC-3173,"http://apple.mother-between.net"
{Y0H7-A2DF61ZU-1527AZMO},01/04/2010 09:09:59,DTAA/AKP0173,PC-2876,"http://youtube.com"
{Z1I7-H7TR90IV-4048QBMH},01/04/2010 09:16:58,DTAA/ALL0155,PC-2670,"http://netflix.com"
{V3P3-G0CO47MG-9080MIQS},01/04/2010 09:39:37,DTAA/BYB0347,PC-0714,"http://whitepages.com"
{P9U4-B3AM23HD-4662ARYT},01/04/2010 09:54:12,DTAA/SLM0781,PC-2034,"http://pleasecopy.false.com"
{S9Y2-W6AQ49VS-7142WHGQ},01/04/2010 10:28:40,DTAA/BFO0974,PC-2099,"http://google.com"
{X1K5-F3XC12OH-8916WVUY},01/04/2010 10:50:30,DTAA/AJA0220,PC-3872,"http://comcast.com"
{A2X5-T1UV79GP-7468LFJG},01/04/2010 11:13:22,DTAA/OHA0451,PC-1381,"http://amazon.com"
{T5H2-P1PJ46XC-4957JRRG},01/04/2010 11:16:14,DTAA/ARC0677,PC-0465,"http://ticketmaster.com"
{K0C8-O5LA32OB-6898GXLM},01/04/2010 11:31:55,DTAA/ARG0405,PC-3289,"http://google.com"
{S8F0-D9YG82DG-5871GWCF},01/04/2010 11:52:54,DTAA/NJM0476,PC-3983,"http://wikipedia.org"
{W2Y2-Q4OZ46FZ-4095CCWV},01/04/2010 12:00:03,DTAA/MJK0212,PC-2645,"http://facebook.com"
{B2N9-G0OV29EX-3914EVDR},01/04/2010 12:01:27,DTAA/ANW0351,PC-0593,"http://google.com"
{D6A2-O5VD00IK-9336JEJD},01/04/2010 12:04:52,DTAA/AMA0191,PC-4736,"http://google.com"
{D3X0-B7UA43CE-8135RNPE},01/04/2010 12:07:00,DTAA/AAC0344,PC-2282,"http://boy.net"
{L2Z6-Q5GQ42XK-9387TRSO},01/04/2010 12:07:56,DTAA/AHD0147,PC-2753,"http://google.com"
{Q8S5-W1DV78VH-2295SAJK},01/04/2010 12:09:48,DTAA/ANC0012,PC-0964,"http://google.com"
{N6E0-Z2IR69OV-3320LJQP},01/04/2010 12:13:05,DTAA/BGW0009,PC-0292,"http://google.com"
{O3H7-E7GU07MM-6621EMEV},01/04/2010 12:16:06,DTAA/AFH0331,PC-0850,"http://wikipedia.org"
{Q7K6-E5BB79MG-5408CWBI},01/04/2010 12:19:00,DTAA/AJC0266,PC-4661,"http://wordpress.com"
{V4H6-S4EX66CC-2948CJGT},01/04/2010 12:20:11,DTAA/XCB0445,PC-2710,"http://breath-library-property.org"
{B5G5-E0RN89PA-3212NCLR},01/04/2010 12:28:32,DTAA/AMS0897,PC-0508,"http://google.com"
{Q6W9-C4AN61VM-6099BLVN},01/04/2010 12:31:34,DTAA/BCB0013,PC-1377,"http://google.com"
{Z8A0-T8JP33GD-5550QDFC},01/04/2010 12:39:04,DTAA/BCR0547,PC-1588,"http://google.com"
{N0X7-S4KD93XO-2496GWSP},01/04/2010 12:39:31,DTAA/BCM0899,PC-3412,"http://invention.net.com"
{A6C9-I7ZC54TU-9607NNMI},01/04/2010 12:39:46,DTAA/DAR0341,PC-0718,"http://facebook.com"
{L6P9-R0RK20PK-9605HRUO},01/04/2010 12:45:35,DTAA/AFH0331,PC-0850,"http://wikipedia.org"
{U2X8-V1WX99NE-3282MOMK},01/04/2010 12:46:56,DTAA/AMA0606,PC-1514,"http://facebook.com"
{B8M8-Z9UD48EP-8052AQZL},01/04/2010 12:48:26,DTAA/BNW0850,PC-2260,"http://facebook.com"
{R4X0-H7HA18LD-7588JIUP},01/04/2010 13:01:22,DTAA/CSR0189,PC-3494,"http://pen.net"
{Y7C6-J9LA08RH-6418EDJI},01/04/2010 13:01:52,DTAA/AKS0283,PC-3049,"http://youtube.com"
{F9A7-T7JI15IS-8205CVII},01/04/2010 13:01:57,DTAA/BKH0156,PC-1500,"http://nytimes.com"
{P0F3-V0IA48PF-0963MLZV},01/04/2010 13:03:13,DTAA/DSH0627,PC-2474,"http://facebook.com"
{B0F6-P0MI37UX-5384IANX},01/04/2010 13:05:11,DTAA/BCB0013,PC-1377,"http://google.com"
{L7P3-L4AS88SK-4293LVIF},01/04/2010 13:05:53,DTAA/AJB0016,PC-1116,"http://linkedin.com"
{F7X1-T7TO55YX-7654NCTC},01/04/2010 13:07:45,DTAA/AKP0173,PC-2876,"http://google.com"
{I1P4-F0BX32YP-0011EEDT},01/04/2010 13:09:50,DTAA/ADR0219,PC-2943,"http://wikipedia.org"
{B0I2-J7XS80TV-6450CEVT},01/04/2010 13:09:55,DTAA/AAR0508,PC-1469,"http://facebook.com"
{N5P0-G1MQ20LN-0239MLNS},01/04/2010 13:10:54,DTAA/DKR0696,PC-1434,"http://lightangry.org"
{X4G8-J5SH75XE-7233IQKE},01/04/2010 13:13:06,DTAA/JBA0373,PC-4398,"http://mlb.com"
{E0D6-D8NX04ZN-0647NXTE},01/04/2010 13:13:56,DTAA/AAC0344,PC-2282,"http://facebook.com"
{O9S4-M3VT46FO-4692IHZB},01/04/2010 13:16:12,DTAA/LYC0672,PC-4047,"http://usbank.com"
{L1F3-U4OG13TK-2051PLET},01/04/2010 13:16:32,DTAA/ACD0647,PC-3117,"http://youtube.com"
{C7C2-R6FZ05KE-3167VIXE},01/04/2010 13:22:00,DTAA/HNS0858,PC-3790,"http://box.com"
{B3E7-I7CK30WO-2125GLJH},01/04/2010 13:22:11,DTAA/BNN0072,PC-0335,"http://youtube.com"
{B0H4-Y5FI69EX-8194GSOY},01/04/2010 13:22:22,DTAA/AKA0033,PC-2020,"http://bing.com"
{D6U2-U3IR39PV-1225LTBG},01/04/2010 13:22:25,DTAA/ANS0172,PC-2718,"http://google.com"
{T5N5-M5BZ18HL-4828MLOU},01/04/2010 13:24:31,DTAA/BDI0634,PC-4076,"http://google.com"
{I1V1-H5JX64LJ-3721JTTR},01/04/2010 13:24:58,DTAA/ABL0836,PC-4639,"http://facebook.com"
{D5I5-X2XU61XM-4665ZWAA},01/04/2010 13:28:33,DTAA/BGV0046,PC-3080,"http://yahoo.com"
{H7T7-R8BE24OL-3891DUFB},01/04/2010 13:30:04,DTAA/AAC0599,PC-1800,"http://facebook.com"
{C9V0-U8OA22LD-7701ZOCX},01/04/2010 13:30:55,DTAA/LAM0952,PC-3449,"http://stumbleupon.com"
{J5S6-W5CF64HO-5817PXLA},01/04/2010 13:30:56,DTAA/RLC0019,PC-3825,"http://target.com"
{I9W3-I6DW98GH-4090SLUZ},01/04/2010 13:31:26,DTAA/ASV0049,PC-2492,"http://pogo.com"
{Z4H6-Z2QB95CI-1744IRXB},01/04/2010 13:31:58,DTAA/ABS0726,PC-3698,"http://google.com"
{B7M9-B0OA84DD-6162VMLH},01/04/2010 13:33:42,DTAA/AEG0905,PC-0211,"http://craigslist.org"
{O2V0-D4VG74LJ-6220JOJZ},01/04/2010 13:35:02,DTAA/AMM0830,PC-2202,"http://google.com"
{E5U4-F3KQ92QI-0772NKWL},01/04/2010 13:35:15,DTAA/CBR0104,PC-0775,"http://amazon.com"
{D2G2-Z7KR14IH-8472EAUN},01/04/2010 13:35:21,DTAA/HAS0430,PC-4046,"http://wet-argumentposition.com"
{R8G8-U8HB18BB-6156ECOQ},01/04/2010 13:37:30,DTAA/CWG0305,PC-1107,"http://nationexample.org"
{P2Q1-B7DX36FZ-1347EHFA},01/04/2010 13:37:30,DTAA/LJU0036,PC-0632,"http://rice-of.tail.net"
{P5O5-M6DP45ZP-7495MARZ},01/04/2010 13:37:33,DTAA/EDG0766,PC-4451,"http://twitter.com"
{K8E6-G8NT29JO-0731OWJQ},01/04/2010 13:37:40,DTAA/AKP0173,PC-2876,"http://youtube.com"
{Q9W1-F6OL59VD-7465ODNY},01/04/2010 13:37:43,DTAA/ABH0963,PC-2613,"http://wikipedia.org"
{A3U1-F3GA48SC-7481SKGQ},01/04/2010 13:37:47,DTAA/AAA0371,PC-1689,"http://espn.go.com"
{J5P9-Y8QP82DR-5627YOFJ},01/04/2010 13:39:38,DTAA/JHM0408,PC-2344,"http://go.com"
{N4F6-L8SD23IG-2246IWTG},01/04/2010 13:39:42,DTAA/BCJ0800,PC-2703,"http://tumblr.com"
{W8C2-G9LZ55DV-4466LXGN},01/04/2010 13:40:41,DTAA/ABS0726,PC-3698,"http://facebook.com"
{K8P8-K6JD73BG-3462MNUK},01/04/2010 13:40:56,DTAA/LRS0325,PC-0652,"http://usenumber.earlyskirt.net"
{W1D9-V2RB05XT-4195KJFU},01/04/2010 13:41:09,DTAA/CBH0762,PC-4005,"http://latimes.com"
{J7T2-O7UX23FC-6354MQMB},01/04/2010 13:43:25,DTAA/ZBM0626,PC-2382,"http://kat.ph"
{Z1E9-K1MG40MW-0497WMJX},01/04/2010 13:43:44,DTAA/DAR0341,PC-0718,"http://yahoo.com"
{R4G6-P3WN43OC-8839AKOF},01/04/2010 13:43:54,DTAA/ALW0250,PC-3904,"http://cox.net"
{N4A6-L5IS14DG-4803RUZY},01/04/2010 13:45:11,DTAA/BGV0046,PC-3080,"http://ebay.com"
{Q8B8-I3ZV41ZA-8418LFMK},01/04/2010 13:45:30,DTAA/ARF0269,PC-0376,"http://google.com"
{U0P7-J5AS86BA-6615PDBG},01/04/2010 13:45:30,DTAA/AIB0797,PC-4147,"http://yahoo.com"
{F1C5-I5CN19JK-9863ZHWX},01/04/2010 13:45:58,DTAA/QGM0222,PC-1214,"http://espn.go.com"
{S5P5-V0SX85VV-3653RHIN},01/04/2010 13:45:59,DTAA/ASR0539,PC-3622,"http://google.com"
{P2P4-Z3DU51YI-6737STRY},01/04/2010 13:46:04,DTAA/BMM0247,PC-3084,"http://bing.com"
{V5T3-M4EG16QG-4731PTOD},01/04/2010 13:46:20,DTAA/BAK0787,PC-0433,"http://google.com"
{F8N6-T2MF59EG-4584SPYY},01/04/2010 13:46:36,DTAA/ABB0272,PC-0726,"http://facebook.com"
{A6A1-X7OJ05CO-6534VXKQ},01/04/2010 13:49:08,DTAA/RBC0583,PC-1380,"http://scale.committee.com"
{C4G5-P5DB37MI-9994QBZW},01/04/2010 13:50:12,DTAA/AMM0340,PC-0831,"http://msn.com"
{N3V0-Z9NW91TH-1905XNMK},01/04/2010 13:50:42,DTAA/AGB0091,PC-1512,"http://southwest.com"
{P8T7-N4ZJ48MM-2786TODL},01/04/2010 13:50:55,DTAA/NSD0763,PC-2782,"http://bloomberg.com"
{X4L7-R1QF61WA-2063JYMZ},01/04/2010 13:50:57,DTAA/SML0086,PC-1586,"http://pagesex.com"
{K1B2-W2FZ70PY-1040LNHV},01/04/2010 13:52:28,DTAA/BBH0313,PC-0316,"http://google.com"
{P7L8-Z9PW04PP-4654NKMV},01/04/2010 13:54:22,DTAA/AJB0016,PC-1116,"http://linkedin.com"
{V4W7-I7VB26PX-3568WISF},01/04/2010 13:54:29,DTAA/ABD0833,PC-1771,"http://facebook.com"
{H2M0-L5JS28NC-3777JPTV},01/04/2010 13:55:49,DTAA/HRK0729,PC-2210,"http://pnc.com"
{C6J2-H4XK63IU-7484HIQJ},01/04/2010 13:56:15,DTAA/AHS0926,PC-0459,"http://yahoo.com"
{F9Z2-U4SL69CJ-5740SBQB},01/04/2010 13:56:23,DTAA/AAC0344,PC-2282,"http://youtube.com"
{S3E8-K8RC64BK-8656LYMU},01/04/2010 13:58:16,DTAA/BAE0444,PC-3270,"http://trick-damage.org"
{B8S6-Q0EJ37HP-3867QUYL},01/04/2010 13:58:53,DTAA/BCG0692,PC-3524,"http://blogspot.com"
{Y8S9-D8IZ96DO-2198YRVF},01/04/2010 13:58:53,DTAA/BKH0156,PC-1500,"http://nytimes.com"
{P2T1-L8UI24EB-4934UURD},01/04/2010 14:07:29,DTAA/JXC0393,PC-2734,"http://position.pipe.net"
{R6F9-I9ZK81MN-1743TGOP},01/04/2010 14:11:45,DTAA/CMM0900,PC-4293,"http://google.com"
{U3P9-K9KB84KQ-4399EPBB},01/04/2010 14:18:16,DTAA/NHH0566,PC-1651,"http://basecamphq.com"
{E4L4-E1WZ15QZ-1891QLFW},01/04/2010 14:25:53,DTAA/AFO0022,PC-2218,"http://badornament.garden.com"
{G3I5-C7BH19WN-9144MKCO},01/04/2010 14:28:31,DTAA/MAH0712,PC-2112,"http://buy.com"
{S0E3-G2EN10YI-6713MOWC},01/04/2010 14:30:36,DTAA/BCS0374,PC-1028,"http://google.com"
{F6D3-R3UM83PC-6803YYYM},01/04/2010 14:35:13,DTAA/ANC0012,PC-0964,"http://google.com"
{U8J9-O1YC59TH-4257OHWF},01/04/2010 14:39:50,DTAA/ARB0050,PC-0115,"http://google.com"
{X8S2-M9AV15RY-6652GUKG},01/04/2010 14:40:08,DTAA/HNK0421,PC-4525,"http://google.com"
{H3S5-G0LJ39EW-0986QTBQ},01/04/2010 14:41:49,DTAA/AKS0283,PC-3049,"http://youtube.com"
{I9G4-W7VR16EA-4390TZUS},01/04/2010 14:43:30,DTAA/ANC0012,PC-0964,"http://google.com"
{D0R3-K7EY18KW-9505BBOC},01/04/2010 14:45:19,DTAA/RCR0864,PC-1583,"http://yahoo.com"
{J5D6-N4TL87TO-6683VDEO},01/04/2010 14:46:26,DTAA/STF0145,PC-0191,"http://peace.physical.com"
{N5I8-C2UQ23GD-5117VYOF},01/04/2010 14:49:37,DTAA/BTH0358,PC-4818,"http://espn.go.com"
{S7Q6-T5YN05IR-8959WNAL},01/04/2010 14:50:16,DTAA/LDB0961,PC-4678,"http://voicefalse.net"
{H0M9-E4BW96IC-3565BISM},01/04/2010 14:50:27,DTAA/BDH0038,PC-0877,"http://google.com"
{W0W6-O0QI03QT-6698YYGB},01/04/2010 14:52:35,DTAA/BFO0438,PC-4057,"http://google.com"
{S3R3-J4LS11EO-5604KBGK},01/04/2010 14:54:35,DTAA/EKB0587,PC-0136,"http://comedycentral.com"
{Z8S6-F8OX93ML-3269MCHC},01/04/2010 15:01:14,DTAA/AKH0067,PC-2396,"http://youtube.com"
{N4W1-W4WC87LZ-6853UFRS},01/04/2010 15:04:58,DTAA/AID0577,PC-0425,"http://google.com"
{M8Z0-L9JU99HJ-6621CMLU},01/04/2010 15:20:49,DTAA/GHB0863,PC-2847,"http://wikipedia.org"
{D4P2-X3WL01IE-1209PTBG},01/04/2010 15:30:08,DTAA/OKG0160,PC-1360,"http://go.com"
{G7N9-D1WV90DR-0893IGOT},01/04/2010 15:50:53,DTAA/CNT0514,PC-2053,"http://bhphotovideo.com"
{K6I2-G0BR62YD-0948RLTE},01/04/2010 16:03:12,DTAA/ABB0272,PC-0726,"http://google.com"
{R4G8-Z5YV37GD-4975HNLW},01/04/2010 16:03:26,DTAA/UMK0142,PC-3542,"http://paintcircle.org"
{J5Y0-D6TE40OU-4122RUYR},01/04/2010 16:06:24,DTAA/OUS0565,PC-2171,"http://amazon.com"
{U0I6-Z2DP32UA-2657KHCH},01/04/2010 16:07:38,DTAA/BCS0374,PC-1028,"http://nypost.com"
{Q4V0-H1NO73IO-4421XJEL},01/04/2010 16:11:45,DTAA/AGG0562,PC-0473,"http://okcupid.com"
{C8J0-H7AD27PR-5516XKDJ},01/04/2010 16:17:07,DTAA/GTR0327,PC-3366,"http://facebook.com"
{N0U8-B9WK05TP-0484LXSV},01/04/2010 16:18:14,DTAA/AGW0182,PC-4531,"http://ebay.com"
{V4R7-P6KJ59UV-0487YWNU},01/04/2010 16:33:06,DTAA/EGG0294,PC-4696,"http://alibaba.com"
{S7Z0-X2UZ29MF-2040XKLB},01/04/2010 16:40:55,DTAA/AHV0103,PC-0201,"http://godaddy.com"
{I0L9-Q3MR74MD-1421QDAU},01/04/2010 16:41:34,DTAA/AJC0399,PC-1746,"http://google.com"
{T4K3-T2UN66UU-8494JAQS},01/04/2010 16:47:02,DTAA/BBP0623,PC-3160,"http://wikipedia.org"
{P0N4-X8DY55RR-4469UULG},01/04/2010 16:56:07,DTAA/JJB0720,PC-0305,"http://adjustment-high.net"
{T1E8-W2NQ84YU-9216EVET},01/04/2010 16:59:57,DTAA/BGV0046,PC-3080,"http://pin-first.com"
{A7L2-L8HT16BY-2472ECZY},01/04/2010 17:03:23,DTAA/TER0923,PC-0011,"http://weather.com"
{E5U4-D0OM38GQ-1743TCUI},01/04/2010 17:04:53,DTAA/SOG0461,PC-4563,"http://sears.com"
{A1O3-O6CH27GJ-3595XWZV},01/04/2010 17:07:02,DTAA/NJM0476,PC-3983,"http://shelf.org"
{I5Q3-Y3AO59DX-8482UPCJ},01/04/2010 17:07:17,DTAA/ACD0647,PC-3117,"http://google.com"
{P6O8-L9PH30LU-3567HBIJ},01/04/2010 17:07:53,DTAA/ASS0824,PC-4842,"http://aol.com"
{G2J9-P8ET16PP-1862WYTV},01/04/2010 17:08:28,DTAA/BNN0072,PC-0335,"http://cbssports.com"
{O2U0-C9RN26YL-3158DDDL},01/04/2010 17:10:37,DTAA/ACL0865,PC-0124,"http://facebook.com"
{W8A0-A5CU61FM-1646LBXW},01/04/2010 17:11:52,DTAA/LNM0509,PC-0813,"http://southflower.com"
{P7H7-J5GK67TZ-2836CIJI},01/04/2010 17:12:14,DTAA/ALN0201,PC-4853,"http://yahoo.com"
{X0O8-L5FI90NQ-3179TLAD},01/04/2010 17:17:39,DTAA/AMM0661,PC-1628,"http://pleasure.org"
{E1F2-E2II99QP-4537KJKK},01/04/2010 17:18:07,DTAA/ALN0201,PC-4853,"http://mountain.destruction.org"
{J0M5-M4UT94IZ-3756MMKI},01/04/2010 17:19:13,DTAA/ABL0836,PC-4639,"http://cars.com"
{K9J3-W8QQ82DB-4686GOEQ},01/04/2010 17:22:16,DTAA/AMH0101,PC-2735,"http://google.com"
{A4C8-F7VC03GW-7180WAGV},01/04/2010 17:22:52,DTAA/AAR0508,PC-1469,"http://google.com"
{J7Y9-F0SN72OH-5237CPZE},01/04/2010 17:23:52,DTAA/AFO0022,PC-2218,"http://ups.com"
{A0H1-M1FT12DT-5165VMLX},01/04/2010 17:25:29,DTAA/PBH0441,PC-0264,"http://heat.com"
{P5C4-Z3VP86DQ-1407UPET},01/04/2010 17:26:54,DTAA/SSV0560,PC-1609,"http://1and1.com"
{P0G5-H4HW12ZA-3646IMBV},01/04/2010 17:27:55,DTAA/ABG0179,PC-4171,"http://yahoo.com"
{W5B4-J8YT27JZ-9107UUMP},01/04/2010 17:29:01,DTAA/ANW0351,PC-0593,"http://google.com"
{I1X0-U6OE13LE-3683FQMY},01/04/2010 17:29:33,DTAA/ARR0977,PC-1074,"http://google.com"
{L7G1-Q0ZP93ZO-7407CNTI},01/04/2010 17:33:23,DTAA/AFR0646,PC-0323,"http://bing.com"
{P8O8-Z8AM65SQ-0461KTDQ},01/04/2010 17:36:52,DTAA/EKB0587,PC-0136,"http://google.com"
{Y2J2-G9TT74CB-3358LGKH},01/04/2010 17:37:41,DTAA/TUA0298,PC-3426,"http://transport.current.com"
{S4V3-P2TT90IZ-9418MECN},01/04/2010 17:37:55,DTAA/AHS0926,PC-0459,"http://constantcontact.com"
{I6Z6-H4XU66ET-4420MRER},01/04/2010 17:38:55,DTAA/BHH0460,PC-2630,"http://bing.com"
{G8Q7-D8TU05TT-8167MPDG},01/04/2010 17:41:09,DTAA/XRP0435,PC-0431,"http://cheap.net"
{K2P5-T0XQ07DC-8949XYND},01/04/2010 17:45:07,DTAA/BAM0466,PC-3011,"http://google.com"
{R9F9-U8FW26WT-5020XEYR},01/04/2010 17:45:42,DTAA/BHH0460,PC-2630,"http://facebook.com"
{Y7L4-H4VR15XK-6143RDCA},01/04/2010 17:48:51,DTAA/PAG0557,PC-3405,"http://blogspot.com"
{M7A9-F6JI00MH-8211BUDG},01/04/2010 17:53:15,DTAA/AEG0905,PC-0211,"http://wine.control.org"
{A4Q2-C5VK75MB-8114KJOG},01/04/2010 17:57:10,DTAA/ASS0824,PC-4842,"http://huffingtonpost.com"
{A2B6-Q2RX61SY-5193FUEV},01/04/2010 18:00:12,DTAA/FMF0197,PC-2601,"http://avg.com"
{N8U7-Q4VF84UU-7994XNXO},01/04/2010 18:00:35,DTAA/ACR0400,PC-3584,"http://amazon.com"
{O2D6-W5CV50EB-7971ZGPP},01/04/2010 18:02:04,DTAA/PML0209,PC-2793,"http://reddit.com"
{O9A0-H9CX06FA-8750FERB},01/04/2010 18:02:43,DTAA/AHS0926,PC-0459,"http://yahoo.com"
{S7S4-A3OV16SC-4246UTEP},01/04/2010 18:03:20,DTAA/AJC0203,PC-1144,"http://google.com"
{S9Z2-C2BR47AG-1998ZHSX},01/04/2010 18:04:03,DTAA/AAK0924,PC-4772,"http://woot.com"
{C3B7-A9XZ39CM-3476AXXW},01/04/2010 18:07:17,DTAA/BAM0466,PC-3011,"http://google.com"
{S5Y1-J5BN91VV-8860WAAY},01/04/2010 18:07:31,DTAA/BMM0247,PC-3084,"http://zazzle.com"
{D8P0-V3BQ68OA-3141JUGJ},01/04/2010 18:07:32,DTAA/CIB0489,PC-4452,"http://craigslist.org"
{M3H8-R8VC11VO-0546VSWV},01/04/2010 18:07:36,DTAA/AAK0924,PC-4772,"http://zillow.com"
{E2R0-Q9XN98RP-0582JJZI},01/04/2010 18:07:36,DTAA/MCM0346,PC-2974,"http://earthlink.net"
{C5X5-M2QW96KL-6535MGPK},01/04/2010 18:10:10,DTAA/ARC0677,PC-0465,"http://safe-unit.direction.net"
{N4Q8-B6XS93DA-4850CNAV},01/04/2010 18:10:34,DTAA/DDK0417,PC-0980,"http://squidoo.com"
{N1Z9-Q5RZ51DM-1743WGSS},01/04/2010 18:10:57,DTAA/ABS0726,PC-3698,"http://facebook.com"
{E8C8-U9LS36IF-8903ECZY},01/04/2010 18:11:12,DTAA/OYR0801,PC-0088,"http://me.com"
{X8F3-O5WP07OI-5123VBLX},01/04/2010 18:11:34,DTAA/GML0105,PC-0268,"http://meal.net"
{B7G5-B2HL54BW-2800XRVA},01/04/2010 18:12:01,DTAA/DAW0123,PC-3401,"http://answers.com"
{V5T7-H7JN92FE-0414WNSS},01/04/2010 18:12:27,DTAA/AEG0905,PC-0211,"http://craigslist.org"
{M1K1-P4II21GT-8440DXHC},01/04/2010 18:12:52,DTAA/BNN0072,PC-0335,"http://warriorforum.com"
{W4H0-Q1VL23FK-4948VYYG},01/04/2010 18:14:03,DTAA/CAH0610,PC-4467,"http://google.com"
{D6X9-J7FI08KM-6448KFKA},01/04/2010 18:15:34,DTAA/SSC0047,PC-1537,"http://foodnetwork.com"
{M6S2-Q1HO00TD-0799WVSH},01/04/2010 18:15:45,DTAA/AMA0191,PC-4736,"http://google.com"
{G9U7-H4UA43FV-9798LPXW},01/04/2010 18:19:41,DTAA/BQW0149,PC-3620,"http://twitter.com"
{G7Q3-E8DO72EP-0955YSAA},01/04/2010 18:21:39,DTAA/HDR0261,PC-2506,"http://makepoor.com"
{B1C3-I3BJ82YY-4363XJSL},01/04/2010 18:22:08,DTAA/ALL0155,PC-2670,"http://google.com"
{R1M0-I7YG07SO-6486UGIS},01/04/2010 18:22:19,DTAA/ARR0758,PC-2652,"http://google.com"
{W9O1-S4UT54GG-7855NTQT},01/04/2010 18:22:51,DTAA/MIC0914,PC-3326,"http://now.apparatus-doubt.org"
{O8J9-S3BV08CR-4111DDLZ},01/04/2010 18:23:23,DTAA/ABL0836,PC-4639,"http://equal.com"
{X9V1-T1CZ43DL-4562CSHA},01/04/2010 18:23:42,DTAA/CAH0610,PC-4467,"http://cbssports.com"
{X3U7-Z5BN95RG-8519XMSE},01/04/2010 18:25:00,DTAA/TSM0130,PC-0633,"http://dropbox.com"
{S6T3-C9TQ20PK-2804DCYN},01/04/2010 18:26:05,DTAA/MMH0581,PC-3464,"http://politico.com"
{S8Z6-H0MD68PU-6911BXCT},01/04/2010 18:26:23,DTAA/VAP0168,PC-2033,"http://adobe.com"
{K1X3-B8WF73RP-8746QUGO},01/04/2010 18:26:31,DTAA/BML0618,PC-0659,"http://optmd.com"
{K3Y7-W3TO97ZL-0252KCAR},01/04/2010 18:27:38,DTAA/BCH0912,PC-2485,"http://google.com"
{P6J1-E3ST50UK-5964AALX},01/04/2010 18:30:12,DTAA/PKM0092,PC-0731,"http://learning.drawer.net"
{Z3I7-X0HN59PP-2314SNOX},01/04/2010 18:32:46,DTAA/BDI0634,PC-4076,"http://google.com"
{Y6D7-H8NU13OW-3209UAAI},01/04/2010 18:33:04,DTAA/ARB0050,PC-0115,"http://google.com"
{H4J2-P9CO97NN-2899ASLB},01/04/2010 18:33:33,DTAA/JKW0464,PC-1764,"http://nytimes.com"
{S6X1-E5BX11PU-1954CWRE},01/04/2010 18:33:51,DTAA/BAM0466,PC-3011,"http://google.com"
{A1U5-Y2HI72NJ-7888BTIW},01/04/2010 18:34:46,DTAA/BRB0908,PC-4252,"http://bing.com"
{J5M1-V2VI58SY-0342LTTR},01/04/2010 18:34:56,DTAA/AIB0797,PC-4147,"http://yahoo.com"
{R7Y9-S5HE98BB-1469MMWK},01/04/2010 18:36:01,DTAA/BMK0943,PC-3319,"http://aweber.com"
{D1U3-Z3RR75HH-6176XNJX},01/04/2010 18:37:14,DTAA/AKS0283,PC-3049,"http://walkacross.collar.org"
{D1T8-A3BO79PZ-5979QVTA},01/04/2010 18:37:17,DTAA/ABL0836,PC-4639,"http://youtube.com"
{W7I2-Q0MU81AE-8119KUJZ},01/04/2010 18:37:25,DTAA/BCH0912,PC-2485,"http://wikipedia.org"
{O6I5-H3BZ37MB-6594EVTB},01/04/2010 18:37:52,DTAA/AFH0331,PC-0850,"http://youtube.com"
{A4M6-P3JU82PW-8191GBKJ},01/04/2010 18:40:55,DTAA/AMA0191,PC-4736,"http://google.com"
{U2P7-Z7WJ04MY-3578TQBP},01/04/2010 18:44:28,DTAA/AKS0283,PC-3049,"http://cbssports.com"
{B6S8-J1HV00OG-1194JSXR},01/04/2010 18:45:03,DTAA/AFD0868,PC-0776,"http://facebook.com"
{J8H0-G0KP00GX-3384JCRA},01/04/2010 18:45:16,DTAA/AJP0553,PC-1270,"http://facebook.com"
{H7C7-X9GC97BH-3854NPQM},01/04/2010 18:49:55,DTAA/MDS0742,PC-4317,"http://blowfoot.net"
{O9K8-X9ON94KX-6193XUSY},01/04/2010 18:51:25,DTAA/KBC0788,PC-1243,"http://google.com"
{O2S2-Z1CW54KB-7547PWKB},01/04/2010 18:52:37,DTAA/ABL0836,PC-4639,"http://facebook.com"
{P6M9-X3ZJ39FP-5935XUNZ},01/04/2010 18:53:37,DTAA/AMA0191,PC-4736,"http://google.com"
{M1Q2-C7VG17ZD-7954ZSLJ},01/04/2010 18:56:11,DTAA/BML0618,PC-0659,"http://go.com"
{E4P2-A6OA31NL-9290UFJQ},01/04/2010 18:56:21,DTAA/DDD0915,PC-3632,"http://yahoo.com"
{E1F2-R8RT71NJ-6629HXTR},01/04/2010 18:56:55,DTAA/ALL0155,PC-2670,"http://pull-thick.com"
{M0L8-N4DG75HO-1777BVLV},01/04/2010 18:59:27,DTAA/BCS0374,PC-1028,"http://google.com"
{N4J8-Z7QF52RI-9181CZBG},01/04/2010 20:57:15,DTAA/ARC0677,PC-0465,"http://google.com"
{U7F3-U0AU99DC-9671QSRK},01/04/2010 21:33:08,DTAA/BJM0992,PC-3569,"http://blogspot.com"
{L0U8-F2TU32SG-8207PWDT},01/05/2010 00:10:04,DTAA/CTH0082,PC-4582,"http://go.com"
{U5Y4-M1TE08SR-4603ZGSF},01/05/2010 00:10:18,DTAA/AFF0760,PC-2804,"http://wikipedia.org"
{I6L6-C1XD85QA-2749PHJI},01/05/2010 00:16:11,DTAA/AKS0283,PC-3049,"http://youtube.com"
{H9F6-N9ND06VL-8731TKCX},01/05/2010 00:34:12,DTAA/ARS0993,PC-1459,"http://google.com"
{R5W4-M9BS24GK-5617XSCW},01/05/2010 02:15:26,DTAA/AKS0283,PC-3049,"http://youtube.com"
{A9Q5-P5QO43AL-4546IWOB},01/05/2010 08:22:32,DTAA/AIC0321,PC-4887,"http://msn.com"
{C3P2-D0OC40GZ-7884VKRJ},01/05/2010 08:30:51,DTAA/AAK0924,PC-4772,"http://facebook.com"
{U2A4-Q2IV59ZY-3724BKAR},01/05/2010 08:43:48,DTAA/BMK0943,PC-3319,"http://twitter.com"
{I3V7-B6ZW85QU-6827OMPB},01/05/2010 09:00:15,DTAA/ABS0726,PC-3698,"http://facebook.com"
{E8G3-D1NQ62SL-8095HWRX},01/05/2010 09:01:04,DTAA/FCG0115,PC-0472,"http://gotomeeting.com"
{M4R6-R3RS72FJ-9638YUQE},01/05/2010 09:03:03,DTAA/CPP0761,PC-2665,"http://harbour-lock.com"
{R5T0-Z3BK11CF-5126LUUW},01/05/2010 09:03:50,DTAA/AKS0283,PC-3049,"http://wikipedia.org"
{J7S5-T0GC83OO-2220CTNX},01/05/2010 09:05:11,DTAA/EML0060,PC-0777,"http://power-earthbasket-knotbeautiful.com"
{X0G2-L9MW95OR-0717NUBV},01/05/2010 09:05:44,DTAA/BIR0534,PC-1834,"http://themeforest.net"
{R7S2-I3KV60AA-6772HETD},01/05/2010 09:07:18,DTAA/BCB0013,PC-1377,"http://google.com"
{V1F2-D3RL65KA-0435CZYK},01/05/2010 09:07:21,DTAA/ABG0179,PC-4171,"http://facebook.com"
{D6O1-D0YT56LS-2610HRVY},01/05/2010 09:09:03,DTAA/AMD0432,PC-2555,"http://bbc.co.uk"
{Q1U9-L5XT85TJ-2020EBQO},01/05/2010 09:09:21,DTAA/AJC0399,PC-1746,"http://msn.com"
{J7D2-P1NQ99YZ-4306WGPD},01/05/2010 09:09:39,DTAA/AHS0926,PC-0459,"http://sweetfeeling-future.org"
{R6R7-P8DQ70RV-9147APMH},01/05/2010 09:09:40,DTAA/ACL0865,PC-0124,"http://espn.go.com"
{O7B3-W1FX73LE-1878NUQF},01/05/2010 09:09:50,DTAA/MRM0205,PC-0221,"http://linkwithin.com"
{T5L2-U0RR99MV-0362YJYE},01/05/2010 09:09:50,DTAA/AAC0599,PC-1800,"http://yahoo.com"
{O2S5-B5KC62LL-5037AYUI},01/05/2010 09:09:50,DTAA/AFH0331,PC-0850,"http://google.com"
{X8J6-X7MI86NL-2099KDGR},01/05/2010 09:09:58,DTAA/CAH0610,PC-4467,"http://groupon.com"
{G8O4-B1YQ81QM-5001FBQC},01/05/2010 09:11:22,DTAA/LRH0747,PC-2216,"http://knowledge-drain.net"
{C1W0-Q7ZQ95TK-3069OKXZ},01/05/2010 09:11:36,DTAA/BAF0379,PC-3645,"http://google.com"
{S7M7-O9IG08FI-9367AYAY},01/05/2010 09:11:42,DTAA/AJA0220,PC-3872,"http://nytimes.com"
{K2G4-R7QI83GY-3105SRLI},01/05/2010 09:13:05,DTAA/AEG0905,PC-0211,"http://craigslist.org"
{J5U7-K5GM10OV-4849DEBC},01/05/2010 09:20:09,DTAA/BRB0908,PC-4252,"http://iron-motion-coal.com"
{X4Z7-N4YD42AT-7785DQKJ},01/05/2010 09:20:21,DTAA/ARG0405,PC-3289,"http://ehow.com"
{G3E1-C7UW13PS-2377OBNQ},01/05/2010 09:20:26,DTAA/ANW0351,PC-0593,"http://espn.go.com"
{Y2T7-R0UK55IT-3230PCHH},01/05/2010 09:20:59,DTAA/ASS0824,PC-4842,"http://twitter.com"
{K6S2-K9KE00YJ-7391GXVF},01/05/2010 09:22:16,DTAA/KCN0107,PC-2095,"http://violent.net"
{O9L0-U6BX91PK-8514DAPR},01/05/2010 09:24:01,DTAA/WLB0169,PC-0986,"http://yahoo.com"
{A2R2-Q1RT51WG-3087KAOU},01/05/2010 09:24:24,DTAA/AJN0804,PC-0585,"http://msn.com"
{V3E8-P3WF39TP-5635BCRN},01/05/2010 09:24:30,DTAA/APC0769,PC-0530,"http://google.com"
{G7U3-V8MN94UC-3584AWMS},01/05/2010 09:24:37,DTAA/AJC0399,PC-1746,"http://abcnews.go.com"
{E8I0-G3BK06WI-2892URJD},01/05/2010 09:24:48,DTAA/BBH0313,PC-0316,"http://orbitz.com"
{U3W7-V1OM77FD-2098SCDA},01/05/2010 09:26:07,DTAA/BKM0116,PC-3391,"http://blogspot.com"
{P3K7-Y4JN70EI-2368ZWDN},01/05/2010 09:26:07,DTAA/BCM0899,PC-3412,"http://google.com"
{L4R9-U0YE72ER-4379MEHB},01/05/2010 09:26:13,DTAA/ANW0351,PC-0593,"http://google.com"
{Q1Z2-G5RJ38XQ-3173JMJI},01/05/2010 09:26:42,DTAA/ARP0948,PC-4291,"http://google.com"
{B7B8-J8YK28HP-4863GRXA},01/05/2010 09:26:47,DTAA/AAK0658,PC-3233,"http://humour-instrument.snowworm.com"
{P1R9-T8QV51NV-2427VYPV},01/05/2010 09:26:57,DTAA/BMM0247,PC-3084,"http://youtube.com"
{F9Q3-U8BY59NT-7772SJPV},01/05/2010 09:28:09,DTAA/ANS0172,PC-2718,"http://amazon.com"
{R4F4-I3KY22EI-4653PRSF},01/05/2010 09:28:58,DTAA/OIR0424,PC-0686,"http://soft.net"
{Q2F8-Q5VW58DA-7133GMOY},01/05/2010 09:30:22,DTAA/AAR0508,PC-1469,"http://facebook.com"
{K1V1-D2NU25AP-4309MRVP},01/05/2010 09:33:47,DTAA/ALW0694,PC-0415,"http://way-be.org"
{P0E3-C6WJ71LF-0598WJXV},01/05/2010 09:35:30,DTAA/ALN0201,PC-4853,"http://yahoo.com"
{A2G1-B7SR87UU-6001ALWF},01/05/2010 09:35:56,DTAA/DJW0368,PC-2518,"http://facebook.com"
{X3B1-U4OT85DG-4207PYAJ},01/05/2010 09:37:58,DTAA/ACD0647,PC-3117,"http://facebook.com"
{W2D6-R8TN97RG-5512PPFP},01/05/2010 09:39:02,DTAA/HNR0891,PC-2784,"http://flame.smooth.net"
{C0R1-G1RD57ZU-2664XCCH},01/05/2010 09:39:14,DTAA/HIP0929,PC-3338,"http://yelp.com"
{S0G5-Y6IS93JF-8181MPOV},01/05/2010 09:39:38,DTAA/RAH0968,PC-3119,"http://google.com"
{W5K4-Z5VE84EL-6810NRQS},01/05/2010 09:39:46,DTAA/AJB0370,PC-0054,"http://go.com"
{C0U7-G0RQ68WY-6462CJSE},01/05/2010 09:41:13,DTAA/KRD0507,PC-3424,"http://languageweightdrain.org"
{N9L4-D8TW81DG-9837WPWF},01/05/2010 09:41:36,DTAA/BBH0313,PC-0316,"http://google.com"
{P5K6-D0EQ35AX-0143PFYL},01/05/2010 09:41:53,DTAA/EDW0137,PC-1300,"http://wordpress.com"
{X3C9-P3MX36OW-8928KYYX},01/05/2010 09:41:57,DTAA/AAK0924,PC-4772,"http://twitter.com"
{Q1Q7-L4YM94ZI-8849TEPQ},01/05/2010 09:45:34,DTAA/JLL0930,PC-0035,"http://stitch.com"
{U2X1-J7UH05YL-0182HMPN},01/05/2010 09:46:06,DTAA/AJN0804,PC-0585,"http://google.com"
{P9T2-R3RJ22OA-6725XGYP},01/05/2010 09:46:35,DTAA/BCG0303,PC-3363,"http://google.com"
{G4P6-M0QI69JE-1071WLPL},01/05/2010 09:48:02,DTAA/ARR0878,PC-0266,"http://google.com"
{S9K9-Q7PC79DQ-8290RTAJ},01/05/2010 09:48:53,DTAA/ARS0993,PC-3965,"http://youtube.com"
{Z0H5-A9RO70IY-7158UZXW},01/05/2010 09:50:45,DTAA/ALS0087,PC-2643,"http://google.com"
{I5R0-E2AC74CC-6696HQNY},01/05/2010 09:50:52,DTAA/ARB0100,PC-4584,"http://google.com"
{M9T1-K0KP30PY-2729HQQY},01/05/2010 09:52:11,DTAA/RBC0583,PC-1380,"http://tvguide.com"
{O0Z8-D9JU56PX-8661LKVD},01/05/2010 09:52:16,DTAA/AJP0553,PC-1270,"http://station.org"
{E9L0-Y7HU17WG-0205TSKQ},01/05/2010 09:52:34,DTAA/GRG0693,PC-3411,"http://kick.com"
{J5G8-M2SJ74LA-6746VVXE},01/05/2010 09:54:16,DTAA/AKS0283,PC-3049,"http://youtube.com"
{Q3T7-V0JL57ZF-4118CRRJ},01/05/2010 09:56:02,DTAA/HRT0737,PC-0002,"http://business.com"
{H8G8-S6JC33CP-1937ZONK},01/05/2010 09:56:34,DTAA/AAH0734,PC-0280,"http://facebook.com"
{G8Q9-X1CR86VF-7699PRHX},01/05/2010 09:58:03,DTAA/APC0769,PC-0530,"http://onlystill.wound.com"
{W8K2-T6KR94QS-2650GFKM},01/05/2010 09:58:06,DTAA/BFO0974,PC-2099,"http://google.com"
{P7W9-F5ER92VT-2601NEND},01/05/2010 10:00:22,DTAA/AWB0828,PC-4154,"http://google.com"
{W4K8-M1IV35NY-1522SBIW},01/05/2010 10:00:38,DTAA/DSM0990,PC-0415,"http://interestart.com"
{J6C3-W3RS26FO-8175KIKN},01/05/2010 10:00:41,DTAA/BNM0353,PC-0237,"http://present.cryheart.org"
{S3T8-N5PC83MS-2869FXEJ},01/05/2010 10:00:50,DTAA/AMS0897,PC-0508,"http://amazon.com"
{Y2D1-O3GQ02NY-4087CYKT},01/05/2010 10:01:02,DTAA/ALW0834,PC-0557,"http://aol.com"
{F5C1-N9AW21JF-9029GXNP},01/05/2010 10:01:04,DTAA/AKW0582,PC-0891,"http://youtube.com"
{D8J7-E0QO77UX-1516VDHG},01/05/2010 10:01:11,DTAA/AFH0331,PC-0850,"http://facebook.com"
{W0W1-F5LZ65UT-7225LLXO},01/05/2010 10:01:20,DTAA/AAC0599,PC-1800,"http://facebook.com"
{G3Q9-S6OY61BN-7633VXWW},01/05/2010 10:01:24,DTAA/BJM0992,PC-2364,"http://blogspot.com"
{Y5U6-X1VV56ZZ-1951RHRA},01/05/2010 10:01:26,DTAA/BCM0558,PC-3916,"http://facebook.com"
{K7W5-Y4OR57HZ-8602DYUP},01/05/2010 10:01:26,DTAA/AMH0101,PC-2735,"http://yahoo.com"
{Q9Q3-W5JS37KP-6479PZOE},01/05/2010 10:01:27,DTAA/MNB0956,PC-0701,"http://spoon.nail.org"
{V7I9-M2FB82RS-8783BDOY},01/05/2010 10:01:46,DTAA/FLC0811,PC-1435,"http://blackboard.com"
{A5M4-E6AH94EK-8561VFOI},01/05/2010 10:01:52,DTAA/JXG0567,PC-3192,"http://google.com"
{R8V5-G7QA62CQ-5503HVPF},01/05/2010 10:01:54,DTAA/BCB0013,PC-1377,"http://t.co"
{F3P1-D1YV49WN-8304ZIVE},01/05/2010 10:03:03,DTAA/BHH0460,PC-2630,"http://yahoo.com"
{L3B6-F1OW68KO-8977XPET},01/05/2010 10:03:08,DTAA/ACL0865,PC-0124,"http://facebook.com"
{Z8V7-H8BD47IT-6807ZUMK},01/05/2010 10:03:15,DTAA/AAH0734,PC-0280,"http://google.com"
{K5F5-B9IJ93GE-2177BNVN},01/05/2010 10:03:16,DTAA/AJP0553,PC-1270,"http://live.com"
{G5O1-Z6XH61GZ-0776ZMIC},01/05/2010 10:03:23,DTAA/KAG0880,PC-4400,"http://googleusercontent.com"
{S8F8-N3ZG92EL-9161WPSI},01/05/2010 10:03:24,DTAA/IJJ0342,PC-3239,"http://picturewaste.healthy.org"
{F1O5-L4CN91EX-8962TDTJ},01/05/2010 10:03:26,DTAA/BGN0054,PC-0553,"http://flickr.com"
{N2Q8-R6NE26WW-3471AMHF},01/05/2010 10:05:07,DTAA/AHD0147,PC-2753,"http://yahoo.com"
{Q7T3-F0WT17CK-4371YGWI},01/05/2010 10:05:13,DTAA/BRB0908,PC-4252,"http://craigslist.org"
{H3C1-A5YI36KO-0464YMDI},01/05/2010 10:05:14,DTAA/LIB0089,PC-0458,"http://google.com"
{E1N2-N6ZL44WE-8032AUEH},01/05/2010 10:05:14,DTAA/ASR0539,PC-3622,"http://google.com"
{B0Y4-H9LW44OX-3798LFMP},01/05/2010 10:05:18,DTAA/ABS0726,PC-3698,"http://facebook.com"
{R4X9-A6SO17VV-8114ADVL},01/05/2010 10:05:52,DTAA/ALC0244,PC-3992,"http://aol.com"
{M2I8-T7CO47WU-4511SDAA},01/05/2010 10:07:10,DTAA/BBM0499,PC-4683,"http://google.com"
{X3O2-Z6IL33OH-4149WMZN},01/05/2010 10:07:22,DTAA/ARC0677,PC-0465,"http://google.com"
{C8A8-A1QI22CR-4672PJOH},01/05/2010 10:07:29,DTAA/ASR0539,PC-3622,"http://facebook.com"
{L9V9-R5UO90MI-4613RUCP},01/05/2010 10:07:35,DTAA/AAC0599,PC-1800,"http://facebook.com"
{S1I0-O8LG08RT-4100EUOY},01/05/2010 10:07:40,DTAA/AJM0302,PC-3902,"http://live.com"
{G4O1-O5QN05MW-4955UAQR},01/05/2010 10:07:54,DTAA/DSS0112,PC-3385,"http://cough.ring.org"
{P0R7-J1XI99NA-4339IWBE},01/05/2010 10:07:55,DTAA/EAR0695,PC-4039,"http://ever.burst-protest.com"
{N6H4-W5GS94LP-3819IZXV},01/05/2010 10:09:01,DTAA/BCJ0800,PC-2703,"http://acid.net"
{Q7Y0-S1NC60HP-4933BWHY},01/05/2010 10:09:04,DTAA/BBM0499,PC-4683,"http://google.com"
{E8C6-R2IL39WT-1089FNHN},01/05/2010 10:09:06,DTAA/VIR0488,PC-0198,"http://twistear.org"
{H8P8-V9KM11MO-8129EQEA},01/05/2010 10:09:09,DTAA/BCM0558,PC-3916,"http://huffingtonpost.com"
{S5Z3-K3WL65WT-4085MCUN},01/05/2010 10:09:24,DTAA/BSM0334,PC-2722,"http://porter-metal.org"
{A6G2-D4XQ99CK-2602ANGX},01/05/2010 10:09:25,DTAA/CPS0559,PC-1877,"http://seriousfar-chance.net"
{L6D4-E3TA25YS-9596KLSE},01/05/2010 10:09:37,DTAA/AJC0203,PC-1144,"http://t.co"
{H6L1-T9AK33SW-4563CLZM},01/05/2010 10:09:44,DTAA/RJP0345,PC-3284,"http://ball-mist.com"
{Y0L1-Y0YH89YD-2492CQNV},01/05/2010 10:09:55,DTAA/ARB0100,PC-4584,"http://google.com"
{G8Z5-O6PT30QJ-0541CWUL},01/05/2010 10:11:01,DTAA/ANC0012,PC-0964,"http://google.com"
{Y1M2-X1SX23LG-7677XZKC},01/05/2010 10:11:01,DTAA/KIN0073,PC-3757,"http://google.com"
{V2N0-O0OG57CF-6416KINH},01/05/2010 10:11:04,DTAA/BCB0013,PC-1377,"http://google.com"
{L4R7-P3ES86CR-9577EHST},01/05/2010 10:11:04,DTAA/BMR0412,PC-3501,"http://chase.com"
{E6D6-F3KX87EF-0810CKKU},01/05/2010 10:11:12,DTAA/BZH0120,PC-0839,"http://sugar-secret.exchange.com"
{M9N3-T9YB65ZK-8446VRUC},01/05/2010 10:11:14,DTAA/BCM0558,PC-3916,"http://size-crush.paintstitch.com"
{D5K6-E9TP98AW-2998ETZY},01/05/2010 10:11:28,DTAA/ACM0061,PC-1324,"http://amazon.com"
{B6F7-D0LV61PM-7992YFHS},01/05/2010 10:11:42,DTAA/BNN0072,PC-0335,"http://family-getelastictimemachine.org"
{A4O9-Y7ZK81LO-6936DKIW},01/05/2010 10:13:17,DTAA/BGF0236,PC-1848,"http://google.com"
{I3D5-O9WG88XQ-1853ENQH},01/05/2010 10:13:48,DTAA/AZS0738,PC-0744,"http://google.com"
{M5I0-N5WY47GD-9753MMQB},01/05/2010 10:13:48,DTAA/AID0577,PC-0425,"http://google.com"
{G5I9-T6GG32LH-5953MCEH},01/05/2010 10:15:27,DTAA/AEW0730,PC-4032,"http://craigslist.org"
{C6Q8-I3EA04PS-0134WNDU},01/05/2010 10:15:29,DTAA/ACL0865,PC-0124,"http://wikipedia.org"
{M1J0-B6BP21IS-9740ZRWO},01/05/2010 10:15:40,DTAA/BAE0444,PC-3270,"http://google.com"
{E2T4-G6JO04QE-2925DBBN},01/05/2010 10:15:54,DTAA/AKS0283,PC-3049,"http://fiverr.com"
{W2B8-X0ZL45QS-0603WVYI},01/05/2010 10:16:03,DTAA/HCR0795,PC-2757,"http://weather.com"
{L8S6-Q1FQ54JU-7987OGOM},01/05/2010 10:16:09,DTAA/AFR0646,PC-0323,"http://google.com"
{Y8H2-H9PN69VY-7514CBJF},01/05/2010 10:16:11,DTAA/GMS0949,PC-0240,"http://earlyhelp.com"
{S1X1-S2BE75NK-7542YZNM},01/05/2010 10:16:15,DTAA/BCG0303,PC-3363,"http://google.com"
{Z5S5-K9YW67XL-1780QSAM},01/05/2010 10:16:16,DTAA/SSV0560,PC-1609,"http://yellowpages.com"
{O4J7-R7JZ67WZ-0010RISN},01/05/2010 10:16:17,DTAA/BGW0009,PC-0292,"http://yahoo.com"
{T1M4-K1OM02AN-8118NRBM},01/05/2010 10:16:17,DTAA/AGB0091,PC-1512,"http://paypal.com"
{E1D5-R2XT19XN-4733PEOL},01/05/2010 10:16:18,DTAA/ABB0272,PC-0726,"http://facebook.com"
{W2S3-X8UO12BV-4451TABC},01/05/2010 10:16:20,DTAA/PXB0069,PC-1972,"http://dog.solid.com"
{X1T8-Q2PN59RO-1014DQZU},01/05/2010 10:16:21,DTAA/RKD0255,PC-2236,"http://adobe.com"
{K1L3-I7IM22IW-5466CFKS},01/05/2010 10:16:33,DTAA/BMM0247,PC-3084,"http://foxnews.com"
{F7F0-U6TV92VA-5150LLRW},01/05/2010 10:16:33,DTAA/BLB0079,PC-1376,"http://latimes.com"
{U9P3-L7VY77XQ-6792UBGV},01/05/2010 10:16:39,DTAA/EDG0766,PC-4451,"http://live.com"
{V6B0-G7AU30LE-7746JNPU},01/05/2010 10:16:41,DTAA/ARR0878,PC-0266,"http://google.com"
{D4G7-X7NS75IB-3715DQPR},01/05/2010 10:16:52,DTAA/CBB0075,PC-3548,"http://rr.com"
{T4U6-D1CH40WM-1144VPVP},01/05/2010 10:16:57,DTAA/ASC0132,PC-2960,"http://google.com"
{U7B3-V3NG41AP-5058TNQF},01/05/2010 10:18:06,DTAA/ACL0865,PC-0124,"http://facebook.com"
{Z5I6-D2DM81BB-5864HTKE},01/05/2010 10:18:19,DTAA/BAK0787,PC-0433,"http://google.com"
{V5U6-M2JK14PK-7164SEVS},01/05/2010 10:18:26,DTAA/AAC0344,PC-2282,"http://facebook.com"
{C4H6-X0EL41KQ-3106LCSP},01/05/2010 10:18:32,DTAA/NHH0566,PC-1651,"http://glove-foolish.com"
{J0N1-W2RG28FH-1596RVKV},01/05/2010 10:18:33,DTAA/BBH0313,PC-0316,"http://google.com"
{N3K9-P6LZ83QH-5135QXKT},01/05/2010 10:18:39,DTAA/AMH0101,PC-2735,"http://craigslist.org"
{S7A7-Z8FW97JU-6060VYVW},01/05/2010 10:18:43,DTAA/GHB0863,PC-2847,"http://microsoft.com"
{U3H4-A5OM55ZP-7159XTLQ},01/05/2010 10:18:48,DTAA/AAC0599,PC-1800,"http://facebook.com"
{G8H4-M3XY50EM-4834ENSW},01/05/2010 10:18:52,DTAA/BCR0547,PC-1588,"http://ebay.com"
{R5Q0-L2XB75AU-8849APGH},01/05/2010 10:18:55,DTAA/QLW0941,PC-2395,"http://reddit.com"
{O6H5-B5LJ79PG-4357SANM},01/05/2010 10:20:15,DTAA/CLB0995,PC-2437,"http://swagbucks.com"
{N4X0-S1RY01FW-8762WFMP},01/05/2010 10:20:15,DTAA/AAR0508,PC-1469,"http://facebook.com"
{M0F6-A2NY28OZ-6716ULYP},01/05/2010 10:20:17,DTAA/AFH0331,PC-0850,"http://msn.com"
{O8V1-E7XR44GV-0122PNQA},01/05/2010 10:20:18,DTAA/NJW0094,PC-0791,"http://key.of.question.org"
{Z7P2-X7UE25OG-4656BLDV},01/05/2010 10:20:33,DTAA/AZC0030,PC-4724,"http://google.com"
{M5G3-W1WD85AY-6401RGUX},01/05/2010 10:20:35,DTAA/BLB0079,PC-1376,"http://weather.com"
{H2K0-H9JQ42DJ-3662OHYN},01/05/2010 10:20:38,DTAA/SKH0467,PC-1582,"http://lead.net"
{T7G2-V3AZ63QT-0714BBCR},01/05/2010 10:20:44,DTAA/ACL0865,PC-0124,"http://youtube.com"
{C6H5-M5EY50UC-0584NVJF},01/05/2010 10:20:59,DTAA/HNK0421,PC-4525,"http://present-seem.org"
{G3E0-X3VQ43YR-5830UXAH},01/05/2010 10:22:08,DTAA/NLD0701,PC-1189,"http://opposite.horn.org"
{P9K2-S7RS03WH-5291DIYK},01/05/2010 10:22:19,DTAA/ALW0250,PC-3904,"http://google.com"
{T5A9-N1AA22YR-4596GLEG},01/05/2010 10:22:28,DTAA/AJA0220,PC-3872,"http://fedex.com"
{C1V1-Q9VP13AR-5931MUVL},01/05/2010 10:22:50,DTAA/TIW0195,PC-0513,"http://deviantart.com"
{U3O4-N6VK05SU-1074JXCM},01/05/2010 10:22:56,DTAA/ARR0878,PC-0266,"http://google.com"
{J6A6-W0UJ05MP-7077SRLU},01/05/2010 10:24:04,DTAA/HFC0680,PC-3835,"http://google.com"
{C6T7-W4JN95TU-4185DDET},01/05/2010 10:24:04,DTAA/NBT0479,PC-2462,"http://yahoo.com"
{T8Z9-D0GX26PC-6074CLXA},01/05/2010 10:24:07,DTAA/ABD0833,PC-1771,"http://youtube.com"
{V1M1-M1MT56TX-9989PMXY},01/05/2010 10:24:16,DTAA/ALL0155,PC-2670,"http://shopathome.com"
{X9N6-M8OG47KS-1697LLDA},01/05/2010 10:24:18,DTAA/BCR0547,PC-1588,"http://washingtonpost.com"
{K0U5-O9DI20EC-6939EDUN},01/05/2010 10:24:19,DTAA/LND0767,PC-1646,"http://wikipedia.org"
{T1Q6-U7ZI54GS-8813FLQR},01/05/2010 10:24:29,DTAA/JHM0408,PC-2344,"http://facebook.com"
{Z7F4-A4NG47GN-2284QAVO},01/05/2010 10:24:32,DTAA/AKS0283,PC-3049,"http://youtube.com"
{P9G0-I1EJ70AS-2665LIHQ},01/05/2010 10:24:34,DTAA/ALW0250,PC-3904,"http://google.com"
{D8J3-J0YA99RN-9117QRYJ},01/05/2010 10:24:35,DTAA/CBR0104,PC-0775,"http://bp.blogspot.com"
{Z9Y5-W1JW31KH-1714DLCB},01/05/2010 10:24:36,DTAA/AFO0022,PC-2218,"http://macys.com"
{N9Z3-G5NI80IF-4904TZYA},01/05/2010 10:24:38,DTAA/AJS0978,PC-1738,"http://producewax.brush.com"
{M3F1-P5NU42FR-1870TBFD},01/05/2010 10:24:45,DTAA/BGN0054,PC-0553,"http://google.com"
{J9M5-E4HM70AO-7709CDIO},01/05/2010 10:24:46,DTAA/ARF0269,PC-0376,"http://cnet.com"
{H0W6-T6JT13IS-3946YLQU},01/05/2010 10:24:46,DTAA/AXB0007,PC-4306,"http://google.com"
{D7G9-F6SM97JM-8451YRVA},01/05/2010 10:24:47,DTAA/SHR0025,PC-0288,"http://google.com"
{R6Y8-G3VO10MK-4730GIKN},01/05/2010 10:24:47,DTAA/ATJ0284,PC-4337,"http://google.com"
{J8F6-G8VV25OB-5323WDZY},01/05/2010 10:24:55,DTAA/KIM0617,PC-3140,"http://clean.week.org"
{G0N3-Q0QF91YQ-0721QICV},01/05/2010 10:26:02,DTAA/MOA0526,PC-2701,"http://facebook.com"
{M3A8-W9JJ60TP-1077WHST},01/05/2010 10:26:21,DTAA/ANS0172,PC-2718,"http://google.com"
{W4F7-R8CX68JI-2736VNEJ},01/05/2010 10:26:28,DTAA/ALW0250,PC-3904,"http://google.com"
{J6G8-U5TC73OT-1176RNUH},01/05/2010 10:26:35,DTAA/AFF0760,PC-2804,"http://wikipedia.org"
{H7L8-D1GI95XF-9183HDJK},01/05/2010 10:26:45,DTAA/BBP0623,PC-3160,"http://google.com"
{S1W4-H0WP09ZO-6804QOPR},01/05/2010 10:26:46,DTAA/ARB0050,PC-0115,"http://google.com"
{H8L7-S2CL59VM-1350GGCE},01/05/2010 10:28:04,DTAA/AGB0091,PC-1512,"http://ebay.com"
{V9T2-B2UJ04NS-0282XCPQ},01/05/2010 10:28:09,DTAA/SHT0953,PC-1822,"http://adobe.com"
{M2X3-X0XV50HM-3688UQGX},01/05/2010 10:28:12,DTAA/PCS0097,PC-1228,"http://google.com"
{I2D5-M2GP88XI-0866CPTI},01/05/2010 10:28:20,DTAA/BGF0236,PC-1848,"http://reddit.com"
{L6C0-U6OK17VW-4363NQLI},01/05/2010 10:28:26,DTAA/BKH0156,PC-1500,"http://canvas.wire.org"
{N1O1-X3QY26BU-2654HXGK},01/05/2010 10:28:27,DTAA/AFN0918,PC-3425,"http://google.com"
{J5L8-B6HM02CC-5076DWNN},01/05/2010 10:28:42,DTAA/ANW0351,PC-0593,"http://google.com"
{N6P3-S3OE18LI-8021QJIH},01/05/2010 10:28:48,DTAA/KBB0983,PC-2629,"http://scout.com"
{Z8E5-W9NM71MN-5137LZBQ},01/05/2010 10:28:53,DTAA/AMS0897,PC-0508,"http://loud.net"
{S8M8-W0OJ72HM-7504THWL},01/05/2010 10:28:55,DTAA/ABG0179,PC-4171,"http://mlb.com"
{I1P0-D8TC43LW-3387JEKX},01/05/2010 10:28:59,DTAA/AMD0432,PC-2555,"http://yahoo.com"
{T9C2-S8MH08EG-6337GHNP},01/05/2010 10:30:02,DTAA/BFV0911,PC-1532,"http://learning.carriage-reason.net"
{R6X3-B4YP25DU-2422CWMR},01/05/2010 10:30:16,DTAA/HDB0655,PC-2605,"http://linksynergy.com"
{L9P6-E8BB80UI-8421SPOM},01/05/2010 10:30:34,DTAA/AID0577,PC-0425,"http://linkedin.com"
{L1V1-A5AW51AR-0316JABQ},01/05/2010 10:30:42,DTAA/AKM0969,PC-0691,"http://youtube.com"
{K1J5-D6NQ88DU-5078ECZP},01/05/2010 10:31:13,DTAA/AJM0302,PC-3902,"http://google.com"
{L5V7-N5AY27LA-6935BLVI},01/05/2010 10:31:13,DTAA/ABD0833,PC-1771,"http://youtube.com"
{Y1B5-K5TT48FG-1543QTNI},01/05/2010 10:31:14,DTAA/ZKH0388,PC-1021,"http://slope.soup.net"
{R6B2-Z3EA37GG-1908GQXM},01/05/2010 10:31:16,DTAA/ANC0012,PC-0964,"http://google.com"
{B5R0-F5WR36KP-7220CEXU},01/05/2010 10:31:18,DTAA/ACH0803,PC-4334,"http://facebook.com"
{A6B2-X8DM46IW-3184UESU},01/05/2010 10:31:26,DTAA/AAK0924,PC-4772,"http://retailmenot.com"
{H2C2-D4SG66QT-6264AXWV},01/05/2010 10:31:33,DTAA/EEB0134,PC-0596,"http://cbssports.com"
{I1S2-Q5CY82CP-7865ETLW},01/05/2010 10:31:39,DTAA/BDI0634,PC-4076,"http://twitter.com"
{A1L8-D8IE80IH-1811PRJX},01/05/2010 10:31:47,DTAA/ALN0201,PC-4853,"http://facebook.com"
{I8Q7-I2BZ00PE-1468LLWQ},01/05/2010 10:31:52,DTAA/BTH0004,PC-2468,"http://power.org"
{Z9X3-O4LC43RU-8733SSWA},01/05/2010 10:31:55,DTAA/ABS0726,PC-3698,"http://wikipedia.org"
{H7A5-S5ZZ61YE-3332OUHU},01/05/2010 10:31:58,DTAA/ASO0023,PC-3990,"http://google.com"
{N2W9-U5VU13OF-3934BJRZ},01/05/2010 10:33:20,DTAA/AAR0508,PC-1469,"http://google.com"
{N3B4-R2QM77YU-0435BMNJ},01/05/2010 10:33:27,DTAA/AKH0067,PC-2396,"http://youtube.com"
{H2P5-I2UE42IN-8070QIGZ},01/05/2010 10:33:30,DTAA/HIB0604,PC-4209,"http://live.com"
{S6F1-T6WZ36GZ-0524GQPC},01/05/2010 10:33:38,DTAA/ASP0799,PC-0560,"http://google.com"
{H6I8-H8DV73GJ-4223KRDO},01/05/2010 10:33:41,DTAA/CNS0950,PC-3209,"http://office.seed.toothknowledge.org"
{R1D5-W8XQ78FR-8646WLEB},01/05/2010 10:33:43,DTAA/LBB0095,PC-2780,"http://keep.canvas.selection-basinfork.com"
{I4T1-J8HF79DU-7116GXEF},01/05/2010 10:33:55,DTAA/BIR0534,PC-1834,"http://yahoo.com"
{M1X3-G5WE70IF-3536ZGSI},01/05/2010 10:33:58,DTAA/AFR0646,PC-0323,"http://facebook.com"
{E6M6-T2IP96TF-4822NCNZ},01/05/2010 10:35:10,DTAA/BMM0247,PC-3084,"http://tripadvisor.com"
{F9I1-E8IY45JT-9197BFSF},01/05/2010 10:35:11,DTAA/BCB0013,PC-1377,"http://stage-system.to-print.net"
{S1T8-K0JX23NN-4485DYNY},01/05/2010 10:35:22,DTAA/LAM0952,PC-3449,"http://google.com"
{L8E0-P4EF67SR-5384GZDW},01/05/2010 10:35:24,DTAA/SMW0913,PC-3438,"http://stage.disease.net"
{D3A1-O1PL03CB-5865SCSN},01/05/2010 10:35:32,DTAA/ABB0272,PC-0726,"http://facebook.com"
{P3W9-S4FS17IW-0656SGEW},01/05/2010 10:35:32,DTAA/AAH0734,PC-0280,"http://facebook.com"
{O9A5-G3KB83JM-1919OHSE},01/05/2010 10:35:39,DTAA/AMM0830,PC-2202,"http://wikipedia.org"
{W7Y5-J8ET35HU-5308OBUM},01/05/2010 10:35:41,DTAA/AMM0661,PC-1628,"http://google.com"
{H8G4-B5JH69HC-8224MOSC},01/05/2010 10:35:42,DTAA/SAM0954,PC-0573,"http://roddetailbasesupport.com"
{F1C3-F2TI72ZO-6191VECO},01/05/2010 10:37:00,DTAA/BNG0510,PC-2048,"http://yahoo.com"
{V9Q8-N8AZ51HK-0457GPSC},01/05/2010 10:37:06,DTAA/JBL0450,PC-2338,"http://footfeeling.com"
{J3G8-E9CJ11TI-6089FGUU},01/05/2010 10:37:25,DTAA/ABB0272,PC-0726,"http://go.com"
{T4F9-T7RC75EF-1421INFH},01/05/2010 10:37:40,DTAA/ARG0405,PC-3289,"http://cnn.com"
{S9Q5-W1IM30WK-3114VTOV},01/05/2010 10:37:53,DTAA/AFN0918,PC-3425,"http://bing.com"
{Z3X0-R4XT31OD-1136BXBV},01/05/2010 10:39:04,DTAA/KGC0456,PC-4369,"http://pof.com"
{M9N8-P3NW16TM-4102SPIE},01/05/2010 10:39:14,DTAA/BKM0116,PC-3391,"http://bankofamerica.com"
{U3H3-S8OL34SK-0808MPNB},01/05/2010 10:39:21,DTAA/RBC0583,PC-1380,"http://goatcruelfoolish.org"
{P3F7-J9UA94YP-2115VHLF},01/05/2010 10:39:24,DTAA/NWT0708,PC-1857,"http://free.org"
{J9A2-M0EU99TG-6128BIUS},01/05/2010 10:39:25,DTAA/AMM0830,PC-2202,"http://google.com"
{C9Y8-U1SO34ZQ-3764DBSK},01/05/2010 10:39:36,DTAA/AFD0868,PC-0776,"http://youtube.com"
{E6E8-K1MH70XE-0594QHHY},01/05/2010 10:39:40,DTAA/BZH0120,PC-0839,"http://monster.com"
{U9Z5-M5WR08ZI-5109IMGA},01/05/2010 10:39:52,DTAA/KES0043,PC-1638,"http://force-white.org"
{Q0P0-C7ZB80JM-4344SZMG},01/05/2010 10:40:01,DTAA/AEG0905,PC-0211,"http://craigslist.org"
{P0V9-K3WI39QA-2020VFKV},01/05/2010 10:40:09,DTAA/ARB0100,PC-4584,"http://google.com"
{A3H9-V0FF99BL-5556IFOX},01/05/2010 10:40:13,DTAA/AEG0905,PC-0211,"http://craigslist.org"
{Y2Y7-O0KY62MR-7410BDSC},01/05/2010 10:40:18,DTAA/AAH0734,PC-0280,"http://facebook.com"
{I2F9-N6GB65YZ-1837AWHL},01/05/2010 10:40:35,DTAA/AAH0734,PC-0280,"http://wordpress.org"
{T2Z4-U7NO69RU-9310UIOM},01/05/2010 10:41:02,DTAA/ABS0726,PC-3698,"http://facebook.com"
{K7B3-W6ER52RO-7284FVBB},01/05/2010 10:41:20,DTAA/GKC0919,PC-3647,"http://chin.com"
{F8U0-X1KX88VY-9571JQBQ},01/05/2010 10:41:42,DTAA/LCC0556,PC-2460,"http://bing.com"
{C4Z0-K6SY59UW-6265POMP},01/05/2010 10:41:44,DTAA/AMS0897,PC-0508,"http://youtube.com"
{B8D0-T5QU32OZ-7941ANPI},01/05/2010 10:41:51,DTAA/SSB0151,PC-4616,"http://coal.stem.org"
{K0T4-B1JU46CC-1331TFMY},01/05/2010 10:41:59,DTAA/AKH0067,PC-2396,"http://google.com"
{V2A1-W5AS68AL-3411ODKZ},01/05/2010 10:43:00,DTAA/NCW0246,PC-4174,"http://early.net"
{U8I5-Q6AX19VA-1691DXBC},01/05/2010 10:43:03,DTAA/AAC0344,PC-2282,"http://facebook.com"
{O9O1-O2GB02SO-8302LYLX},01/05/2010 10:43:21,DTAA/BCG0692,PC-3524,"http://google.com"
{T2Q2-K5WQ41GD-1592UESC},01/05/2010 10:43:25,DTAA/EMM0782,PC-3643,"http://wikipedia.org"
{L2G9-C2FP26QQ-0273GBWH},01/05/2010 10:43:41,DTAA/AKS0283,PC-3049,"http://youtube.com"
{P3J3-N4LN05LA-5503EFBO},01/05/2010 10:43:42,DTAA/ASC0132,PC-2960,"http://google.com"
{P9G3-H0BG57YX-0572JCCX},01/05/2010 10:43:42,DTAA/CDS0110,PC-4367,"http://mashable.com"
{R1A2-O1JS67RJ-7757ZLQC},01/05/2010 10:43:50,DTAA/HTG0554,PC-0010,"http://healthysoft-chalk.net"
{Q9M9-K8BQ49UM-9073QLKQ},01/05/2010 10:43:53,DTAA/JLV0465,PC-1637,"http://live.com"
{O2D5-Q6LI33QB-7694EPNK},01/05/2010 10:43:57,DTAA/ALW0694,PC-0415,"http://google.com"
{A9B2-M4GT37FT-9983YOFD},01/05/2010 10:45:13,DTAA/AAS0709,PC-2967,"http://foxnews.com"
{Z3Q5-X5OZ76PB-8044JRLB},01/05/2010 10:45:59,DTAA/CAO0951,PC-2846,"http://ups.com"
{P5F5-E7WL63PY-0635WNHZ},01/05/2010 10:46:04,DTAA/AAS0709,PC-2967,"http://facebook.com"
{Y3C2-S7WD85EE-7080GBTA},01/05/2010 10:46:17,DTAA/AMM0661,PC-1628,"http://deviantart.com"
{Y0Q3-R6VP60VJ-0467KAKI},01/05/2010 10:46:32,DTAA/AKH0067,PC-2396,"http://craigslist.org"
{U4Q6-K4QB65DX-5562HFHR},01/05/2010 10:46:37,DTAA/ALW0834,PC-0557,"http://youtube.com"
{P2N6-Z1TK26FQ-0588FQWQ},01/05/2010 10:46:39,DTAA/PVW0713,PC-4069,"http://blogspot.com"
{L8Q7-O7WN04FR-0061XFXK},01/05/2010 10:46:39,DTAA/JJB0720,PC-0305,"http://google.com"
{L2S4-F2DF19BV-4724PCSZ},01/05/2010 10:46:42,DTAA/DBB0235,PC-0309,"http://facebook.com"
{M8X7-M4AX66RE-2505PVXN},01/05/2010 10:46:43,DTAA/CKB0536,PC-3570,"http://techcrunch.com"
{Y4L2-I0NX79HK-9276GUWQ},01/05/2010 10:46:46,DTAA/GJH0384,PC-4272,"http://google.com"
{T9S8-T1UV35EK-2249VCYQ},01/05/2010 10:46:56,DTAA/LJB0492,PC-0504,"http://usps.com"
{Q0K9-Q8XG19VG-7253DVRF},01/05/2010 10:46:58,DTAA/AZS0738,PC-0744,"http://google.com"
{Q1E5-N6OH04XR-0626MNQX},01/05/2010 10:48:05,DTAA/BCG0692,PC-3524,"http://driving-young.org"
{G1O2-F7NG10WI-5235YAOZ},01/05/2010 10:48:43,DTAA/MKG0273,PC-1174,"http://google.com"
{L7E7-Z8QD90XI-4625NNKL},01/05/2010 10:48:44,DTAA/AAH0734,PC-0280,"http://facebook.com"
{T7K2-G6BP15JD-6725LCEZ},01/05/2010 10:48:55,DTAA/ACM0061,PC-1324,"http://amazon.com"
{B2L3-P9VD79CQ-9261CEFU},01/05/2010 10:48:56,DTAA/JSH0598,PC-0563,"http://facebook.com"
{J2V4-H1JT25QO-1066KLTK},01/05/2010 10:49:03,DTAA/ALW0834,PC-0557,"http://judge.com"
{I7K1-A0KW75QD-1316AVXG},01/05/2010 10:49:05,DTAA/FDP0500,PC-4873,"http://oil-roof.com"
{N8K6-F4LT26EA-8521IBPX},01/05/2010 10:49:21,DTAA/RBB0229,PC-0696,"http://paper.li"
{H9N3-G3WM47ZF-6140DFNX},01/05/2010 10:49:24,DTAA/AKA0033,PC-2020,"http://youtube.com"
{Q6E7-K1MC35AL-6483TVLT},01/05/2010 10:49:24,DTAA/IVF0777,PC-0212,"http://wrong.com"
{W4B3-W5ZS95DC-2119VJWY},01/05/2010 10:49:25,DTAA/AMD0432,PC-2555,"http://opendns.com"
{W0R4-J0HD64EK-8608RXFL},01/05/2010 10:49:28,DTAA/ASV0049,PC-2492,"http://google.com"
{D9V5-F0IW22QN-3179GTDX},01/05/2010 10:49:32,DTAA/BTH0004,PC-2468,"http://nfl.com"
{U5W6-O0GO59DT-5076KEZJ},01/05/2010 10:49:52,DTAA/ASV0049,PC-2492,"http://google.com"
{E7T3-M1JS24TL-0491AFMF},01/05/2010 10:50:00,DTAA/AJC0203,PC-1144,"http://t.co"
{K1F9-N6CP15NP-4578BRGH},01/05/2010 10:50:00,DTAA/XRP0435,PC-0431,"http://facebook.com"
{V2Q4-C9DT24UF-1213BAUK},01/05/2010 10:50:07,DTAA/CNT0514,PC-2053,"http://ebay.com"
{N3D3-N0ID99ZH-4864VWHO},01/05/2010 10:50:23,DTAA/AKH0067,PC-2396,"http://amazon.com"
{T7V2-Y3RV40VS-9965XIUW},01/05/2010 10:50:31,DTAA/BAE0444,PC-3270,"http://womanpin.com"
{D5X9-N0OK94PO-2478QWWP},01/05/2010 10:50:35,DTAA/AGB0091,PC-1512,"http://blogspot.com"
{L0N3-F9OG27IZ-5604XBAZ},01/05/2010 10:50:44,DTAA/ABL0836,PC-4639,"http://yahoo.com"
{P7M7-M5FU28JF-7729TOGC},01/05/2010 10:50:46,DTAA/AGB0091,PC-1512,"http://microsoft.com"
{Z1T4-J4HD29IB-8420WTEX},01/05/2010 10:50:54,DTAA/ASS0824,PC-4842,"http://blogspot.com"
{B1P4-A8HX98FL-5844VNBE},01/05/2010 10:50:59,DTAA/BBH0313,PC-0316,"http://google.com"
{F7Q7-D4TH85RS-9272HNMU},01/05/2010 10:52:08,DTAA/AAR0508,PC-1469,"http://facebook.com"
{Y4G9-G8PK57YU-0773AEZX},01/05/2010 10:52:22,DTAA/ABG0179,PC-4171,"http://youtube.com"
{Y6A5-R4IT92NQ-4713ILOV},01/05/2010 10:52:22,DTAA/WNS0816,PC-1040,"http://pointfowl-long.org"
{J5N3-R9KP62EE-1446VCMR},01/05/2010 10:52:42,DTAA/HKO0796,PC-1069,"http://youtube.com"
{W7Y8-F1IS21TA-3871MSCD},01/05/2010 10:54:01,DTAA/AGW0182,PC-4531,"http://google.com"
{H5G4-J2EL35FW-9535WECT},01/05/2010 10:54:09,DTAA/QNK0574,PC-1569,"http://low.exchange.net"
{A0N8-X5GU36OB-6161CCBW},01/05/2010 10:54:12,DTAA/ALS0087,PC-2643,"http://google.com"
{A8M1-A6BJ51BX-7021YCCL},01/05/2010 10:54:14,DTAA/AEW0730,PC-4032,"http://mcssl.com"
{L0R8-A8SM22CK-1203OXNW},01/05/2010 10:54:17,DTAA/AHD0147,PC-2753,"http://agreement-roadold.org"
{W4Q3-E2FQ09PE-4114CGSL},01/05/2010 10:54:28,DTAA/APC0769,PC-0530,"http://google.com"
{Z9R3-Z0DM17WY-7319VQDY},01/05/2010 10:54:37,DTAA/ASC0132,PC-2960,"http://fertilesupport.net"
{H3N7-F3IL97HV-7290DIQE},01/05/2010 10:55:00,DTAA/CBR0439,PC-4135,"http://grip.comb.net"
{E9A3-M5HO34YD-3752AEAL},01/05/2010 10:55:32,DTAA/BXY0648,PC-4952,"http://att.com"
{Q1M4-U9ZB21EL-2050WJWV},01/05/2010 10:55:39,DTAA/BCV0109,PC-0023,"http://google.com"
{N2Q9-V8QN47QZ-3942YTBE},01/05/2010 10:55:40,DTAA/BAH0774,PC-4573,"http://google.com"
{S4H6-V1PE31QP-3838FJGC},01/05/2010 10:55:48,DTAA/NSD0763,PC-2782,"http://society-walk.com"
{R4V1-F4GX78FY-8614CAID},01/05/2010 10:55:50,DTAA/APC0769,PC-0530,"http://google.com"
{J7O6-V7KF97EM-0175XCQY},01/05/2010 10:56:24,DTAA/ATJ0284,PC-4337,"http://marketfiction.org"
{R8F3-O4YG95JU-5855VUZE},01/05/2010 10:56:43,DTAA/ALL0155,PC-2670,"http://tagged.com"
{W5Y6-V4EX91HL-2113UORX},01/05/2010 10:56:56,DTAA/LAH0397,PC-2632,"http://espn.go.com"
{R7S4-B4YO77EQ-7748QHKJ},01/05/2010 10:58:08,DTAA/AMA0191,PC-4736,"http://google.com"
{I6F7-M0XA63IH-3915QISK},01/05/2010 10:58:11,DTAA/TSM0130,PC-0633,"http://facebook.com"
{X0S0-V5QT18NW-1129QZWL},01/05/2010 10:58:17,DTAA/RCR0864,PC-1583,"http://google.com"
{R4P4-A2RY55BX-4338ZIUA},01/05/2010 10:58:42,DTAA/AFD0868,PC-0776,"http://facebook.com"
{Q9U5-A3KY85CY-8828RTBQ},01/05/2010 10:58:47,DTAA/BCB0013,PC-1377,"http://google.com"
{O5R2-C0XO86NT-8065ORUK},01/05/2010 10:58:47,DTAA/ASS0824,PC-4842,"http://huffingtonpost.com"
{U7F5-Q9SW90JJ-7086BDIX},01/05/2010 10:58:56,DTAA/CMC0814,PC-2160,"http://quick-chest.org"
{U5Q8-N1JU18LM-2684CKJG},01/05/2010 11:00:10,DTAA/AJS0917,PC-2082,"http://facebook.com"
{T8E6-G4SY54MK-2554APAL},01/05/2010 11:00:28,DTAA/NNB0443,PC-4625,"http://constantcontact.com"
{D7S2-K5XP83HK-3915DTUE},01/05/2010 11:00:59,DTAA/HAS0430,PC-4046,"http://flag-knowledge.square.com"
{L9I7-P8MD23IW-5228FKOB},01/05/2010 11:01:03,DTAA/VUF0522,PC-3818,"http://vistaprint.com"
{V9G2-Q1KY40HT-5638VIVF},01/05/2010 11:01:15,DTAA/ADR0219,PC-2943,"http://amazon.com"
{J3W5-T4VR89UI-5856RYLN},01/05/2010 11:01:44,DTAA/AJA0220,PC-3872,"http://facebook.com"
{K1Y9-G8NI36JG-2774QREW},01/05/2010 11:01:51,DTAA/ABB0272,PC-0726,"http://facebook.com"
{A9I0-O1FB47DH-4055HGXJ},01/05/2010 11:03:30,DTAA/AAC0599,PC-1800,"http://facebook.com"
{Q0C0-T8XF28MX-1010MNMF},01/05/2010 11:03:35,DTAA/AQG0678,PC-1127,"http://facebook.com"
{J7I7-H4CB21GS-4220CDII},01/05/2010 11:03:38,DTAA/JRM0902,PC-0517,"http://hateink.ant.net"
{P0Y1-Y0NB51CI-9831UAIC},01/05/2010 11:04:26,DTAA/ABH0963,PC-2613,"http://craigslist.org"
{O8H6-D6NK86CG-8404NJRF},01/05/2010 11:05:16,DTAA/KGC0456,PC-4369,"http://espn.go.com"
{X9W0-D1CY86EH-0045ETHI},01/05/2010 11:07:06,DTAA/ASP0799,PC-0560,"http://espn.go.com"
{W5N0-S9AH43LB-3273TQOV},01/05/2010 11:07:43,DTAA/ABB0272,PC-0726,"http://facebook.com"
{C0X4-J9DF67MA-8572NLHE},01/05/2010 11:11:42,DTAA/AHV0103,PC-0201,"http://noiserepresentativesecondtail.com"
{K3F1-V9OT95DY-5519XXVS},01/05/2010 11:11:44,DTAA/JAD0531,PC-0578,"http://coalquiet.at-rhythm.org"
{S5M9-T6RX33BC-1387NRZQ},01/05/2010 11:18:35,DTAA/AMM0830,PC-2202,"http://google.com"
{L7T0-D6RU06IK-0518XVTE},01/05/2010 11:18:35,DTAA/BAF0379,PC-3645,"http://google.com"
{F5S3-R4BR63DD-4807KPRS},01/05/2010 11:19:26,DTAA/ACL0865,PC-0124,"http://facebook.com"
{M4G2-S5KV62BK-4969KATY},01/05/2010 11:22:48,DTAA/BFV0911,PC-1532,"http://tumblr.com"
{V3T6-N3UU69PT-3442NNOL},01/05/2010 11:24:05,DTAA/HDB0655,PC-2605,"http://facebook.com"
{Z0F2-L5TP50OI-6652VPAE},01/05/2010 11:28:07,DTAA/AGG0562,PC-0473,"http://craigslist.org"
{I2Q0-S7SO72OP-4634KWQO},01/05/2010 11:28:12,DTAA/AKM0969,PC-0691,"http://youtube.com"
{W3R3-W0PS65QB-5893VTWU},01/05/2010 11:28:59,DTAA/AFD0868,PC-0776,"http://craigslist.org"
{B6U6-C2IZ04ZQ-9769ETLJ},01/05/2010 11:30:12,DTAA/AHS0926,PC-0459,"http://yahoo.com"
{J4M2-R2JI08KZ-9751SCTD},01/05/2010 11:30:37,DTAA/KAG0880,PC-4400,"http://microsoft.com"
{U0T1-I5SP09KN-2645ZEPT},01/05/2010 11:31:24,DTAA/SJH0907,PC-2525,"http://vistaprint.com"
{U3P8-Q5MF69HR-3203NIXW},01/05/2010 11:35:31,DTAA/HAS0430,PC-4046,"http://appleson-on.org"
{P7B6-D5AG39LQ-4162EYTU},01/05/2010 11:35:55,DTAA/ACL0865,PC-0124,"http://google.com"
{V2V7-Q4VK99MN-2514MTFW},01/05/2010 11:37:37,DTAA/BTH0358,PC-4818,"http://icontact.com"
{A8C9-D1BK89PC-8476NBXE},01/05/2010 11:37:49,DTAA/LVC0027,PC-1310,"http://leather.plough.com"
{H9T2-H6DM95MX-6666IIDO},01/05/2010 11:39:22,DTAA/AID0577,PC-0425,"http://linkedin.com"
{I8C1-H4MD81EE-7864ZSFL},01/05/2010 11:45:34,DTAA/AMA0191,PC-4736,"http://google.com"
{A3J4-F5NZ42OJ-8137FELP},01/05/2010 11:45:41,DTAA/LBD0946,PC-3295,"http://harbourplease.touch.org"
{Z9G6-X9ZY70ON-5627ZHFZ},01/05/2010 11:45:45,DTAA/ALC0244,PC-3992,"http://plant.net"
{C7U7-V9OZ84ZT-0160BTHI},01/05/2010 11:48:01,DTAA/LIB0089,PC-0458,"http://handdead.on.net"
{V1R9-N0AS88BX-7910XKPK},01/05/2010 11:48:15,DTAA/AMM0830,PC-2202,"http://linkedin.com"
{Q8P2-I7AO36MX-0947ZHYO},01/05/2010 11:48:33,DTAA/AOC0511,PC-0354,"http://paypal.com"
{G7D2-O5PT48UM-9468GOAK},01/05/2010 11:49:01,DTAA/AGG0562,PC-0473,"http://yahoo.com"
{P8B3-Z8GE10XA-9127VYBM},01/05/2010 11:49:18,DTAA/BCR0547,PC-1588,"http://google.com"
{D3B3-W2QZ56JO-3018SEKE},01/05/2010 11:49:22,DTAA/BCS0374,PC-1028,"http://google.com"
{F1M8-V7CD86JF-4366WCHD},01/05/2010 11:49:31,DTAA/AAH0734,PC-0280,"http://facebook.com"
{M2L7-L6WK90YS-5114YCJZ},01/05/2010 11:49:40,DTAA/ALW0834,PC-0557,"http://nut-space.pleasure-number.net"
{S2R5-S1GU36XF-9989CVZC},01/05/2010 11:50:52,DTAA/AEG0905,PC-0211,"http://craigslist.org"
{R8C8-I6XJ76GB-4075MQDD},01/05/2010 11:50:57,DTAA/KAG0880,PC-4400,"http://paint-materialbroken.org"
{Q0J1-S3EE61RN-1322LVYO},01/05/2010 11:52:06,DTAA/DRO0516,PC-2367,"http://education.muscle-umbrellathere.org"
{O0T7-J8QV57NB-4265KNVF},01/05/2010 11:52:12,DTAA/BTH0004,PC-2468,"http://nfl.com"
{J4A7-L8EN35YW-8044USNA},01/05/2010 11:52:45,DTAA/AFG0122,PC-4492,"http://facebook.com"
{U4I9-C5BV94SV-8968NZXM},01/05/2010 11:54:36,DTAA/FMF0197,PC-2601,"http://google.com"
{O0L3-N4XF56KZ-6814OMRK},01/05/2010 11:54:53,DTAA/AJS0917,PC-2082,"http://youtube.com"
{I0X5-S1NB53CB-1756YYUE},01/05/2010 11:55:40,DTAA/JLV0465,PC-1637,"http://payment.org"
{K4Y1-J6DC15SV-1081ZHPB},01/05/2010 11:55:53,DTAA/SLC0778,PC-3199,"http://knotpencilcomplex.net"
{X4A5-T0EQ93LV-2262DFVV},01/05/2010 11:55:59,DTAA/AAK0658,PC-3233,"http://railflight.org"
{L0H8-N6BN01GA-3264OQAP},01/05/2010 11:56:11,DTAA/BBP0623,PC-3160,"http://google.com"
{A8G0-E7XO39JJ-0658EGQG},01/05/2010 11:58:03,DTAA/AMM0661,PC-1628,"http://google.com"
{Q6H3-E2NO91NL-0244VKRN},01/05/2010 11:58:06,DTAA/ABL0836,PC-4639,"http://facebook.com"
{M9O7-O4VV95UY-5452BPGX},01/05/2010 11:58:39,DTAA/RTH0376,PC-0763,"http://redbox.com"
{W0R1-Z1SF16QW-3708JRSX},01/05/2010 11:58:48,DTAA/AJS0978,PC-1738,"http://southwest.com"
{M3M9-I9OI14AB-1329QJEB},01/05/2010 12:07:26,DTAA/HLA0457,PC-4441,"http://among.back-boat.com"
{E4U8-X0OD63FI-6037HICA},01/05/2010 12:09:47,DTAA/EOS0972,PC-4981,"http://google.com"
{V2C2-L3PY53CP-9015SHKY},01/05/2010 12:11:34,DTAA/EDH0146,PC-3973,"http://clickbank.net"
{A3F3-T4VX29JG-9234YIAG},01/05/2010 12:16:22,DTAA/ARG0405,PC-3289,"http://newsmax.com"
{F9N4-G0NP98KE-9550JZKT},01/05/2010 12:16:32,DTAA/ABS0726,PC-3698,"http://bankrate.com"
{B3E9-I8WS87GB-4689RSUE},01/05/2010 12:16:41,DTAA/BNM0353,PC-0237,"http://punishmentdrink.net"
{N8B6-F9PE77BL-3904SMHX},01/05/2010 12:16:53,DTAA/KBB0983,PC-2629,"http://youtube.com"
{S9Z1-F1PO52QA-5267KALH},01/05/2010 12:26:26,DTAA/BAE0444,PC-3270,"http://google.com"
{W9E8-K9ZG54HL-6225NKOI},01/05/2010 12:30:42,DTAA/APC0769,PC-0530,"http://tumblr.com"
{C3W0-Q7VB33PN-6708UIYK},01/05/2010 12:35:51,DTAA/LPB0141,PC-3489,"http://twitter.com"
{N6G2-W9TA72SD-5969XFMF},01/05/2010 12:37:21,DTAA/BGN0054,PC-0553,"http://google.com"
{Q8F9-U6HH74VW-5241KBHY},01/05/2010 12:37:59,DTAA/CJG0638,PC-2542,"http://slickdeals.net"
{T3F8-J1ZZ96RQ-3991MUBR},01/05/2010 12:41:04,DTAA/ABL0836,PC-4639,"http://youtube.com"
{I3I2-D6VK41DE-8600GYMF},01/05/2010 12:41:39,DTAA/DFW0798,PC-3141,"http://icontact.com"
{N5V9-H5KY92HG-2843AYYB},01/05/2010 12:41:48,DTAA/OZD0789,PC-4695,"http://google.com"
{S8C1-Y9BB02YB-8248ZEUV},01/05/2010 12:58:36,DTAA/NSC0842,PC-4132,"http://taxpotato.east.org"
{S0R7-E6LK86XM-9286FLQK},01/05/2010 12:58:48,DTAA/AXB0007,PC-4306,"http://facebook.com"
{J3C5-B4MO89SU-2938AQVQ},01/05/2010 13:00:14,DTAA/CKW0622,PC-4507,"http://cnn.com"
{K4L8-T3MS76GJ-6053DNRR},01/05/2010 13:03:12,DTAA/RLW0861,PC-4361,"http://measure-porter-parcel.org"
{A7W0-J2AA35UZ-4051GBDH},01/05/2010 13:04:01,DTAA/DJC0162,PC-3232,"http://google.com"
{T9E2-J0AJ91OF-1094STBD},01/05/2010 13:05:15,DTAA/AZC0030,PC-4724,"http://wikipedia.org"
{X8H1-X2LH96MG-5745TPMG},01/05/2010 13:05:26,DTAA/JCS0873,PC-1560,"http://crimeink.net"
{D8W7-R9LY05KS-5894CGPE},01/05/2010 13:07:03,DTAA/BCM0899,PC-3412,"http://about.com"
{C3Y7-L4OD03QP-0832WUNM},01/05/2010 13:07:37,DTAA/ARR0758,PC-2652,"http://google.com"
{B9P4-Z3LF36NS-9359EUVW},01/05/2010 13:07:48,DTAA/DBG0686,PC-1575,"http://by.complex.current.net"
{Y8Y7-T5QI35CR-5509VTAV},01/05/2010 13:07:57,DTAA/BGW0009,PC-0292,"http://growth-digestion.net"
{E5M9-Q7XU26KL-3076NRIV},01/05/2010 13:09:01,DTAA/BFO0438,PC-4057,"http://whistle.learning-grainskin.com"
{T9T1-S0EE85YR-4749OORN},01/05/2010 13:09:19,DTAA/ACL0865,PC-0124,"http://forcebase.net"
{W9L0-Z6GK18NA-6897IKDL},01/05/2010 13:09:24,DTAA/ASC0132,PC-2960,"http://google.com"
{B0G5-S6WW09FS-6784YANU},01/05/2010 13:09:32,DTAA/BYB0347,PC-0714,"http://gap.com"
{B6G3-F6XG34RI-5097GITN},01/05/2010 13:09:42,DTAA/ALW0250,PC-3904,"http://google.com"
{N1J5-P3KU60JZ-6662VCDS},01/05/2010 13:11:02,DTAA/BVM0716,PC-2840,"http://ehow.com"
{T7W4-V4XO25ZE-8593ODTC},01/05/2010 13:13:27,DTAA/AFO0022,PC-2218,"http://aol.com"
{V2W7-E5SH17FA-2749PYJF},01/05/2010 13:15:00,DTAA/AFR0646,PC-0323,"http://end.com"
{X9O9-C3GO94UP-6157NEZL},01/05/2010 13:15:05,DTAA/NAW0939,PC-0411,"http://facebook.com"
{U2N3-E4HB76FL-3517BGRT},01/05/2010 13:16:33,DTAA/MSP0078,PC-1731,"http://accountonline.com"
{E5W4-S8NE07XJ-1810GGPF},01/05/2010 13:16:33,DTAA/WCB0440,PC-3022,"http://linkedin.com"
{G0W6-P5UQ71GA-3244FYND},01/05/2010 13:16:36,DTAA/CSR0189,PC-3494,"http://woman-if.org"
{L1U8-L8NR23YQ-5998VNAA},01/05/2010 13:16:41,DTAA/MDT0356,PC-0029,"http://yahoo.com"
{U2W8-C8NG53WK-4467BYWM},01/05/2010 13:18:44,DTAA/BGF0236,PC-1848,"http://flickr.com"
{X5G3-W3KG84DF-8600KGKC},01/05/2010 13:19:53,DTAA/AFR0646,PC-0323,"http://tumblr.com"
{B3O9-D7YN12MK-7975IUQO},01/05/2010 13:22:14,DTAA/AFR0646,PC-0323,"http://google.com"
{E1G5-Z4HU44LR-6390NSOW},01/05/2010 13:22:26,DTAA/CAM0975,PC-1922,"http://mtv.com"
{D2J1-P4IH03AN-9692LVVN},01/05/2010 13:28:12,DTAA/ABB0272,PC-0658,"http://ups.com"
{Q2C4-O6JW88BO-5098SWMF},01/05/2010 13:28:45,DTAA/AMM0661,PC-1628,"http://wellsfargo.com"
{R7C0-H3WP67AR-7382COGE},01/05/2010 13:28:49,DTAA/ERP0254,PC-3959,"http://delicate.silk.org"
{T9M8-G4HV24JQ-2276QVRO},01/05/2010 13:30:48,DTAA/AJA0220,PC-3872,"http://yahoo.com"
{O2U6-E9IG72LC-8653JRJQ},01/05/2010 13:31:01,DTAA/ARK0026,PC-2707,"http://error.kneepleasure.net"
{D6G2-K7SF86KQ-9806YKQL},01/05/2010 13:31:17,DTAA/BCG0692,PC-3524,"http://google.com"
{S3T4-J0IC04GR-0863MIWN},01/05/2010 13:33:10,DTAA/EMR0242,PC-1306,"http://craigslist.org"
{I1L3-Q8NR11XC-4341GGXP},01/05/2010 13:35:04,DTAA/AJS0917,PC-2082,"http://youtube.com"
{S3G2-Y8DZ77KJ-1590BMDJ},01/05/2010 13:35:20,DTAA/AFF0760,PC-2804,"http://facebook.com"
{N9I9-E0XV18EA-0744SPOF},01/05/2010 13:35:34,DTAA/ACL0865,PC-0124,"http://youtube.com"
{H7I6-Y4RT17ML-7524JRLP},01/05/2010 13:39:50,DTAA/AFH0331,PC-0850,"http://msn.com"
{V4I8-Y5BG31JI-1085MOPZ},01/05/2010 13:39:54,DTAA/ANS0172,PC-2718,"http://google.com"
{O3K0-D0LS86AN-7612QKQG},01/05/2010 13:43:04,DTAA/ARF0269,PC-0376,"http://google.com"
{P1K6-G7NX79JP-7048EXLF},01/05/2010 13:43:07,DTAA/ASS0824,PC-4842,"http://huffingtonpost.com"
{C8D5-V2TI78VA-1545SKSW},01/05/2010 13:43:44,DTAA/BNG0510,PC-2048,"http://sister.net"
{W3F0-Y8DX59XQ-1017FOJX},01/05/2010 13:46:46,DTAA/YVF0045,PC-3949,"http://thefreedictionary.com"
{N7W0-L8FT26FT-9829AHJH},01/05/2010 13:48:28,DTAA/BCR0547,PC-1588,"http://google.com"
{L1G2-O1CN82SP-8288MGVN},01/05/2010 13:49:31,DTAA/APC0769,PC-0530,"http://google.com"
{B5F5-Z9GK56YO-1123OCTE},01/05/2010 13:49:59,DTAA/AWB0828,PC-4154,"http://google.com"
{I7F1-G0BD01SZ-4283QDHN},01/05/2010 13:50:05,DTAA/ASR0539,PC-3622,"http://google.com"
{J2R0-J1YL36MD-1880LORA},01/05/2010 13:50:07,DTAA/NSP0910,PC-4479,"http://salt.cup.org"
{O6O5-E3BO83BT-4557WNHH},01/05/2010 13:50:12,DTAA/ALK0520,PC-3889,"http://nextag.com"
{A3C6-Y6UF29MH-5594FGAW},01/05/2010 13:54:00,DTAA/BMM0247,PC-3084,"http://strange.com"
{Y1R9-N2ML19LU-9644QJQB},01/05/2010 13:54:07,DTAA/CAM0975,PC-1922,"http://person-camera.com"
{T9Z4-I0JN23NE-7512VHZS},01/05/2010 13:54:44,DTAA/BAH0774,PC-4573,"http://google.com"
{B7T8-I5IU78TA-6263JFBV},01/05/2010 13:55:08,DTAA/AFF0760,PC-2804,"http://wikipedia.org"
{I2Z2-V7TO31KX-8498JYSJ},01/05/2010 13:55:15,DTAA/AGB0091,PC-1512,"http://google.com"
{U8X1-Q3LF43YM-7072KOWW},01/05/2010 13:55:44,DTAA/AFH0331,PC-0850,"http://go.com"
{R3N8-U5QE61OB-8300FZFE},01/05/2010 13:55:47,DTAA/BCG0692,PC-3524,"http://google.com"
{J5P5-S8WJ51GB-1413KZNL},01/05/2010 13:56:32,DTAA/ASC0132,PC-2960,"http://youtube.com"
{Y9D3-O4JK57EP-3134GHLG},01/05/2010 13:58:07,DTAA/ANC0012,PC-0964,"http://google.com"
{A4O8-I2NA32IS-7832SDPN},01/05/2010 14:01:53,DTAA/APC0769,PC-0530,"http://roll.com"
{E7M5-C3JI08WW-5109HVCV},01/05/2010 14:07:56,DTAA/ARB0100,PC-4584,"http://google.com"
{T3C4-O8CK10PA-9773VPBC},01/05/2010 14:11:57,DTAA/BCS0374,PC-1028,"http://google.com"
{Z0O8-I6OM81XP-1424DZIW},01/05/2010 14:13:26,DTAA/BVM0716,PC-2840,"http://buzzfeed.com"
{P5E5-X9VX16HG-8950DUSN},01/05/2010 14:20:13,DTAA/RQH0770,PC-4225,"http://fbcdn.net"
{M2C5-C4PH82LZ-8707TCJF},01/05/2010 14:26:29,DTAA/AAK0924,PC-4772,"http://youtube.com"
{T4O4-O7QP09PB-9349JJXC},01/05/2010 14:28:34,DTAA/ASO0023,PC-3990,"http://google.com"
{M4C0-A4XR23QI-6541VKYN},01/05/2010 14:37:01,DTAA/ARR0878,PC-0266,"http://google.com"
{L5V9-Z6QA61OW-6339LKKK},01/05/2010 14:37:31,DTAA/JHN0241,PC-2064,"http://skype.com"
{Y6H4-V3YY81XD-3253BNQU},01/05/2010 14:46:27,DTAA/ERP0254,PC-3959,"http://twitpic.com"
{S6M6-F4JR12KC-8129JRPN},01/05/2010 14:52:25,DTAA/BAK0787,PC-0433,"http://yelp.com"
{G5Z3-N3CX70JD-5466IZRR},01/05/2010 14:54:28,DTAA/AMH0101,PC-2735,"http://netflix.com"
{V3G9-S7OX18LK-9090WWHW},01/05/2010 14:54:37,DTAA/EOS0972,PC-4981,"http://doubleclick.com"
{N8P1-O5PF92ML-3282TJJV},01/05/2010 14:58:13,DTAA/CBH0762,PC-4005,"http://marriott.com"
{Y2S8-U4EQ11XT-9043WKWM},01/05/2010 15:01:57,DTAA/AGB0091,PC-1512,"http://backpage.com"
{J8O4-T3CV72YI-0198ZNVX},01/05/2010 15:11:43,DTAA/AFN0918,PC-3425,"http://twitter.com"
{M5A7-E5QW71VB-8886HSRJ},01/05/2010 15:13:53,DTAA/ALL0155,PC-2670,"http://cnn.com"
{A2Q1-V1AI62WA-0528FKUG},01/05/2010 15:24:11,DTAA/ABD0833,PC-1771,"http://wikipedia.org"
{D5L6-Z4EJ72ZB-4606RTEC},01/05/2010 15:28:01,DTAA/AFG0122,PC-4492,"http://wikipedia.org"
{I0R4-G1MT45FD-9729IAHD},01/05/2010 15:34:35,DTAA/CNB0615,PC-1605,"http://google.com"
{Y1D2-L2HC54WN-7303NFTM},01/05/2010 15:35:50,DTAA/VDP0070,PC-4791,"http://paypal.com"
{H5T6-Y0NK55PY-6153COZA},01/05/2010 15:37:31,DTAA/ARR0878,PC-0266,"http://facebook.com"
{A9D6-S5LB31WP-8629KABQ},01/05/2010 15:39:40,DTAA/AMA0191,PC-4736,"http://twitter.com"
{K0N8-E8MN27NO-5057DZGK},01/05/2010 15:43:35,DTAA/PAC0722,PC-4075,"http://youtube.com"
{B3S3-Q4ZL78WR-5946WHYQ},01/05/2010 15:50:21,DTAA/JMC0233,PC-0805,"http://chainmap.org"
{L4Q2-S5GB30JR-6044XORO},01/05/2010 15:54:20,DTAA/FCT0552,PC-3545,"http://wool.shock.net"
{U8H5-R9HQ15VM-2841MXMG},01/05/2010 15:54:30,DTAA/PDB0413,PC-3571,"http://craigslist.org"
{E2W4-I8CF01OQ-1168THBB},01/05/2010 15:55:55,DTAA/XRP0435,PC-0431,"http://straightflame-clear.smile.net"
{L1H8-I4EP38LJ-5585WIGL},01/05/2010 16:03:38,DTAA/BNW0850,PC-2260,"http://hulu.com"
{F4C5-V6UB03NR-5527KSCR},01/05/2010 16:04:07,DTAA/AJA0220,PC-3872,"http://go.com"
{W6N7-A8NO45ZQ-4946ALVA},01/05/2010 16:23:50,DTAA/CGC0877,PC-2894,"http://facebook.com"
{I0O8-W7JR75RX-1499UALT},01/05/2010 16:33:31,DTAA/KNJ0633,PC-1466,"http://flickr.com"
{A9T1-S7YH45AS-5741MZXH},01/05/2010 16:56:25,DTAA/ALK0520,PC-3889,"http://twitter.com"
{C0R6-B5SP27WB-3673QEAQ},01/05/2010 17:00:00,DTAA/AMD0432,PC-2555,"http://hulu.com"
{O2P4-P3OJ60GV-0103RBVD},01/05/2010 17:00:01,DTAA/DBB0235,PC-0309,"http://key-behaviour.opposite.landquite.com"
{J3J4-E8GO12MX-9196JDWO},01/05/2010 17:00:20,DTAA/DAW0123,PC-3401,"http://baidu.com"
{D8K9-I8FJ91CN-4659VQNI},01/05/2010 17:00:44,DTAA/JRP0458,PC-4705,"http://middle-sneeze-experience.org"
{P0Z3-U5XI80WC-4067RRHO},01/05/2010 17:00:56,DTAA/BCH0912,PC-2485,"http://google.com"
{O1E0-Z5AU85KO-0962LSSQ},01/05/2010 17:00:58,DTAA/AMH0101,PC-2735,"http://google.com"
{W6E6-H3WS68LM-7893RTKD},01/05/2010 17:02:06,DTAA/CGT0183,PC-3569,"http://hootsuite.com"
{C6I9-Y3LE89RI-3260JGHT},01/05/2010 17:02:07,DTAA/ABL0836,PC-4639,"http://facebook.com"
{K4W6-M3FK32TW-5558SCKB},01/05/2010 17:02:08,DTAA/RDG0350,PC-3040,"http://i.com"
{S4S7-S7LO29PB-5958BOAD},01/05/2010 17:02:37,DTAA/MCM0346,PC-2974,"http://you.com"
{R8Y9-H6HF49MC-5981UYQG},01/05/2010 17:02:42,DTAA/LTB0150,PC-1814,"http://down-on.org"
{O7F7-W8NV01AY-9310XAAV},01/05/2010 17:03:09,DTAA/AGF0088,PC-3721,"http://yahoo.com"
{O4E6-G9YE13CZ-1853GJFC},01/05/2010 17:03:14,DTAA/ARR0758,PC-2652,"http://google.com"
{J8K6-I0BG89NN-1445OSUW},01/05/2010 17:03:21,DTAA/MJM0469,PC-1592,"http://jewel-degree.com"
{W6L0-V9ZR50AB-8107UYHG},01/05/2010 17:03:25,DTAA/BAK0787,PC-0433,"http://google.com"
{M4A0-N5UP48VF-2216CHPT},01/05/2010 17:03:29,DTAA/ASS0824,PC-4842,"http://warriorforum.com"
{J0B0-G7GZ75BL-3836PRIF},01/05/2010 17:03:37,DTAA/XXD0650,PC-3137,"http://imdb.com"
{V1H4-Z9UZ91QO-1150LNMZ},01/05/2010 17:03:42,DTAA/ANS0172,PC-2718,"http://google.com"
{M6F9-H3HM18AW-1545GLSO},01/05/2010 17:03:54,DTAA/ABL0836,PC-4639,"http://amazon.com"
{C0O5-C7QG67YC-5486KNEO},01/05/2010 17:04:01,DTAA/BKM0116,PC-3391,"http://linkedin.com"
{X7H2-I5CY57FH-5616VNYL},01/05/2010 17:04:13,DTAA/KGS0398,PC-1620,"http://receipt.air.org"
{W1A1-X9YD29MO-3259KSOY},01/05/2010 17:06:03,DTAA/SSB0151,PC-4616,"http://klout.com"
{E2I4-Y9YY68PB-4654MXIY},01/05/2010 17:07:03,DTAA/AMS0897,PC-0508,"http://google.com"
{W5T2-Y9OK66NH-2747IDXE},01/05/2010 17:07:06,DTAA/AJN0804,PC-0585,"http://aol.com"
{M0S3-L7AU60OI-3958WXRM},01/05/2010 17:07:16,DTAA/BTW0973,PC-4462,"http://adobe.com"
{L0T8-C5FW20HG-7764LSMT},01/05/2010 17:07:17,DTAA/BIM0736,PC-2520,"http://blogspot.com"
{Y2H3-H2SW82SK-5160JNYL},01/05/2010 17:07:25,DTAA/AZC0030,PC-4724,"http://google.com"
{A2R4-R2MY70PR-9753GHHS},01/05/2010 17:07:26,DTAA/HCG0731,PC-4643,"http://attemptcome.com"
{Z0V0-A6FN04JS-9452UPNR},01/05/2010 17:07:28,DTAA/SAS0601,PC-0262,"http://judge-now.net"
{E5H2-I9GX89SF-5989VHBZ},01/05/2010 17:07:38,DTAA/RSG0385,PC-4365,"http://where.org"
{E7T9-D9SO60UO-5837YMFX},01/05/2010 17:10:25,DTAA/ABS0726,PC-3698,"http://facebook.com"
{G0N5-A2XK83PK-8871BACO},01/05/2010 17:10:38,DTAA/BCS0374,PC-1028,"http://crush-comfort.org"
{M7M4-I8XX00SC-1081UJLO},01/05/2010 17:11:12,DTAA/AMD0432,PC-2555,"http://google.com"
{O1Z9-N2JA83AX-4888PQVZ},01/05/2010 17:11:22,DTAA/JLL0301,PC-0807,"http://rr.com"
{Y2W8-J7BN53ED-4986GRJU},01/05/2010 17:11:36,DTAA/QGF0292,PC-4358,"http://ign.com"
{I9J6-R1SF56YD-3663NZUZ},01/05/2010 17:11:44,DTAA/AMA0191,PC-4736,"http://google.com"
{J1X5-L6GD41GX-6111OPBI},01/05/2010 17:12:26,DTAA/AGW0182,PC-4531,"http://cnn.com"
{B5Y6-G6QA53CY-7208YVVT},01/05/2010 17:12:57,DTAA/JLL0301,PC-0807,"http://google.com"
{P9Q6-T3JV63DW-8745RUGJ},01/05/2010 17:14:14,DTAA/AHV0103,PC-0201,"http://yahoo.com"
{K6J8-M4DD34YH-5205GWYN},01/05/2010 17:14:20,DTAA/EKB0587,PC-0136,"http://allrecipes.com"
{J2A9-Q2XW77YB-4910YDQS},01/05/2010 17:14:40,DTAA/AMA0191,PC-4736,"http://google.com"
{T4T7-M6BC62AU-3365BTWI},01/05/2010 17:14:56,DTAA/MDT0356,PC-0029,"http://turnand.org"
{C5W3-F6HT48KR-2906CSWU},01/05/2010 17:14:57,DTAA/AFO0022,PC-2218,"http://google.com"
{N0O1-R4OF64XF-5210GRRZ},01/05/2010 17:15:17,DTAA/OES0636,PC-3802,"http://msn.com"
{H5Z4-Q1CO59JK-7997EEEP},01/05/2010 17:15:23,DTAA/WAH0813,PC-1147,"http://judge.net"
{Y3U1-H2DN24LA-6956OJFX},01/05/2010 17:15:23,DTAA/BBM0499,PC-4683,"http://google.com"
{A9S5-R7CB34PH-5487XTCQ},01/05/2010 17:15:34,DTAA/HJP0784,PC-0028,"http://metacafe.com"
{U0O1-Z9YN73ML-9710QOMT},01/05/2010 17:15:52,DTAA/BRB0908,PC-4252,"http://bitly.com"
{J0P1-X2WC43SQ-9480OKFH},01/05/2010 17:15:53,DTAA/BFO0974,PC-2099,"http://google.com"
{D8K8-D5GS06YN-3215RSJL},01/05/2010 17:15:56,DTAA/DAW0221,PC-4162,"http://wikipedia.org"
{C1U0-Q8EK53GB-4837POWP},01/05/2010 17:17:56,DTAA/ANC0012,PC-0964,"http://google.com"
{E3X4-X6FO59DO-4977MUSP},01/05/2010 17:18:13,DTAA/BCH0912,PC-2485,"http://google.com"
{Q7S8-G1ZP83DG-8779BCEH},01/05/2010 17:18:18,DTAA/AEG0905,PC-0211,"http://google.com"
{C3D2-J6ER21KO-2260UYDB},01/05/2010 17:18:23,DTAA/WCN0570,PC-3651,"http://blogspot.com"
{D4C9-Z3VM07ZG-2092PDWT},01/05/2010 17:18:25,DTAA/HCJ0171,PC-0149,"http://nytimes.com"
{B6L1-J5QA31LL-8989YQSX},01/05/2010 17:18:37,DTAA/AJB0016,PC-1116,"http://still.com"
{P1T6-U0IH99YA-2634EKJA},01/05/2010 17:18:50,DTAA/AAK0924,PC-4772,"http://twitter.com"
{Y4N4-N5SI03CE-9888SLGJ},01/05/2010 17:19:37,DTAA/CAH0610,PC-4467,"http://under-ill-mass.com"
{G0S1-N5QL74FN-1065PVPE},01/05/2010 17:21:19,DTAA/AEG0905,PC-0211,"http://bp.blogspot.com"
{M3O9-R4LW28KO-6655ZPQZ},01/05/2010 17:21:31,DTAA/RXM0204,PC-4875,"http://barnesandnoble.com"
{A5E7-V4DE78TE-4962ELEQ},01/05/2010 17:21:52,DTAA/BHH0460,PC-2630,"http://youtube.com"
{P5W6-Y6ZG13NQ-0351CSPJ},01/05/2010 17:22:08,DTAA/AAH0734,PC-0280,"http://comfort-necessary-control.org"
{D6X5-F8MR79IS-0923HAZS},01/05/2010 17:22:10,DTAA/BMK0943,PC-3319,"http://google.com"
{O2T1-O6ZE27GC-6017UAXZ},01/05/2010 17:22:17,DTAA/CKR0296,PC-4152,"http://t.co"
{H2U8-G7CV56JQ-1021RREU},01/05/2010 17:22:38,DTAA/BCS0374,PC-1028,"http://reddit.com"
{Z8J7-A2VU42WS-8142WTCI},01/05/2010 17:22:57,DTAA/ACR0400,PC-3584,"http://amazon.com"
{S1K0-S9UH18JY-2992LRDD},01/05/2010 17:23:32,DTAA/CGM0319,PC-3173,"http://usatoday.com"
{P4A4-C6WU67VX-0366UDBC},01/05/2010 17:26:01,DTAA/AMM0340,PC-0831,"http://google.com"
{L0H8-W0LE05XW-9042RNJX},01/05/2010 17:26:15,DTAA/HJP0784,PC-0028,"http://metacafe.com"
{P1P9-Y7RF31GK-5586KXMP},01/05/2010 17:27:19,DTAA/AMH0101,PC-2735,"http://google.com"
{Y7I9-T9WA95IX-9945VGPF},01/05/2010 17:27:47,DTAA/ABS0726,PC-3698,"http://amazon.com"
{U7W1-U2MX06WV-4325JSRY},01/05/2010 17:29:14,DTAA/JGB0062,PC-3269,"http://sunnutsmash.org"
{R8L3-X2CV60AN-1931AWCA},01/05/2010 17:30:26,DTAA/ARC0677,PC-0465,"http://google.com"
{S6T0-F4TJ73WQ-2530ZOFQ},01/05/2010 17:30:34,DTAA/SSC0387,PC-2858,"http://meeting.natural.org"
{H3T2-A9BJ79IS-7347BSPE},01/05/2010 17:30:50,DTAA/BCM0899,PC-3412,"http://facebook.com"
{R2I5-Q8RK89WH-6239DAOU},01/05/2010 17:33:10,DTAA/CVW0133,PC-0282,"http://wherepig.com"
{M7G3-Q5EY84LI-4832UGDX},01/05/2010 17:33:18,DTAA/ANW0351,PC-0593,"http://while-play.net"
{E8H1-U0BU71QA-8793OYCH},01/05/2010 17:33:45,DTAA/BMK0943,PC-3319,"http://meetup.com"
{B8D2-Y6HL41JL-9236WIPT},01/05/2010 17:34:16,DTAA/PBH0441,PC-0264,"http://heart.tax.org"
{G8W4-I4VK22XG-7273BTVP},01/05/2010 17:34:28,DTAA/AHV0103,PC-0201,"http://yahoo.com"
{V6F3-F8DF26RP-5733UYYL},01/05/2010 17:34:43,DTAA/BDI0634,PC-4076,"http://google.com"
{E9O6-R4BY56VT-0674CFUI},01/05/2010 17:36:05,DTAA/BBM0499,PC-4683,"http://bing.com"
{P7C0-I5EP01VM-9697BOXG},01/05/2010 17:36:20,DTAA/CBP0628,PC-4750,"http://crytake-look.org"
{D4B7-E8OX07ZP-7041XIID},01/05/2010 17:37:28,DTAA/ACL0865,PC-0124,"http://facebook.com"
{U2L9-Y0PD58SM-2883TNYH},01/05/2010 17:37:51,DTAA/RIG0024,PC-3418,"http://statcounter.com"
{L1R2-U6RA85DY-2364YMWV},01/05/2010 17:40:11,DTAA/KCN0107,PC-2095,"http://amongfinger.com"
{O5E0-B4UQ55DP-7302BSEZ},01/05/2010 17:40:22,DTAA/ASV0049,PC-2492,"http://google.com"
{A5Z4-K2PH85WW-5097BBKP},01/05/2010 17:40:27,DTAA/ASS0824,PC-4842,"http://harbour.net"
{N3Z2-S8FU71RA-9972CQZV},01/05/2010 17:40:39,DTAA/ALW0250,PC-3904,"http://t-mobile.com"
{M2R8-T5KI80AM-2182AFMZ},01/05/2010 17:40:42,DTAA/BCM0899,PC-3412,"http://facebook.com"
{F4O4-W9WU92CZ-3855CCKG},01/05/2010 17:41:34,DTAA/HER0860,PC-1902,"http://microsoft.com"
{M6W7-E6OL39FM-8221EDDW},01/05/2010 17:44:03,DTAA/ACM0061,PC-1324,"http://bankofamerica.com"
{Y4I7-A8RT06TD-9569YVNM},01/05/2010 17:44:15,DTAA/CVW0133,PC-0282,"http://wine-mist-slip.org"
{Q9T0-S4WY95CT-7504KLEX},01/05/2010 17:44:45,DTAA/BKH0156,PC-1500,"http://some.hearing.com"
{H6Q3-F4TB74NE-7184GCYA},01/05/2010 17:45:18,DTAA/NRS0477,PC-0672,"http://google.com"
{A9C8-W6BW78DS-2123KRWU},01/05/2010 17:45:26,DTAA/ALL0155,PC-2670,"http://google.com"
{T2F6-H2GV86LN-5894XMJT},01/05/2010 17:47:17,DTAA/SSH0085,PC-0903,"http://spring.org"
{F2G0-L2XT97HB-3488KTEZ},01/05/2010 17:48:36,DTAA/ARB0050,PC-0115,"http://google.com"
{O9T5-Q2RE98QW-4364DYMX},01/05/2010 17:48:48,DTAA/BKM0116,PC-3391,"http://dead.org"
{E3T5-U8WM70MD-8400SYPH},01/05/2010 17:49:04,DTAA/RLW0861,PC-4361,"http://wordpress.com"
{Y5R0-Y8UY29NW-0778GYVR},01/05/2010 17:49:31,DTAA/AHS0926,PC-0459,"http://google.com"
{C7O9-X9YR65IL-4226KXWD},01/05/2010 17:51:13,DTAA/CCM0827,PC-3355,"http://networkedblogs.com"
{U4K1-E3UT64AG-1376JGSN},01/05/2010 17:52:18,DTAA/NZD0771,PC-3712,"http://ask.com"
{Q2A4-A5JG29QM-5032QUTU},01/05/2010 17:53:05,DTAA/ACM0061,PC-1324,"http://bp.blogspot.com"
{W1N1-M6OY96NH-9883NIJO},01/05/2010 17:53:13,DTAA/RBC0879,PC-1261,"http://linkedin.com"
{O5Y3-J4OQ68XJ-3990KBZB},01/05/2010 17:53:22,DTAA/AJC0203,PC-1144,"http://flickr.com"
{Q7I8-V7QX36GA-1117UVVK},01/05/2010 17:53:51,DTAA/RIG0024,PC-3418,"http://sweetfeeling-future.org"
{C5X7-O4MK35OS-6693SXBA},01/05/2010 17:53:57,DTAA/AFD0868,PC-0776,"http://youtube.com"
{Z6A9-G0ON85OF-9499LYXN},01/05/2010 17:55:26,DTAA/AFR0646,PC-0323,"http://purpose-breath-key.deep.com"
{I9D5-O3KS67MK-7676HAEG},01/05/2010 17:55:30,DTAA/BRB0908,PC-4252,"http://act.sensehappy.net"
{O0P3-U6MA15QV-1473XBRY},01/05/2010 17:56:26,DTAA/BAM0466,PC-3011,"http://south-air.com"
{G9A8-E7RU89NH-6469JDTB},01/05/2010 17:56:34,DTAA/PAC0722,PC-4075,"http://brightact.org"
{H6U5-L1DM55DJ-7231DXKE},01/05/2010 17:57:37,DTAA/BMR0596,PC-2467,"http://google.com"
{A2J7-S4CM42YS-9451PGQG},01/05/2010 17:59:26,DTAA/EKB0587,PC-0136,"http://allrecipes.com"
{K7Q1-J6RP52DA-8886RFNW},01/05/2010 18:03:54,DTAA/BMM0247,PC-3084,"http://youtube.com"
{G9I7-V4ZK48AY-0834SBPW},01/05/2010 18:04:15,DTAA/AEG0905,PC-0211,"http://facebook.com"
{M7F8-K2KZ91BC-0477DDTT},01/05/2010 18:04:16,DTAA/BAM0466,PC-3011,"http://google.com"
{V4B9-B8IW38EO-0796BFLL},01/05/2010 18:07:21,DTAA/AKS0283,PC-3049,"http://facebook.com"
{K5V8-O4LN23EE-8040SUML},01/05/2010 18:11:31,DTAA/AMM0340,PC-0831,"http://google.com"
{G1P5-E8UK88AE-6919TDRQ},01/05/2010 18:14:56,DTAA/ECD0029,PC-4184,"http://gap.com"
{G8Q9-J0YG56MO-1411ZETD},01/05/2010 18:17:19,DTAA/AJB0016,PC-1116,"http://linkedin.com"
{B1W1-L0EB46HD-5003QGBN},01/05/2010 18:26:59,DTAA/KMW0755,PC-1519,"http://espn.go.com"
{K6M4-T9ER27IZ-4369ZPHP},01/05/2010 18:30:54,DTAA/CAH0610,PC-4467,"http://wellsfargo.com"
{D0W6-S6EU54RD-4190GFTL},01/05/2010 18:42:28,DTAA/BCH0912,PC-2485,"http://opendns.com"
{C9E4-C5RG24AN-3442GLKJ},01/05/2010 18:47:55,DTAA/ALL0155,PC-2670,"http://usps.com"
{I9T8-F3TI31NK-1105BPUQ},01/05/2010 18:48:34,DTAA/DME0620,PC-3739,"http://google.com"
{L8N9-Z9PL07EZ-6970BSQB},01/05/2010 18:52:15,DTAA/AJC0203,PC-1144,"http://as-advertisement-experience.net"
{L8V6-V1TB05FA-9868RSGW},01/05/2010 19:11:19,DTAA/ARS0993,PC-4398,"http://google.com"
{P3M2-M0NM79NJ-1616TXVS},01/05/2010 20:22:11,DTAA/ANC0012,PC-0964,"http://google.com"
{I0N6-B7VM93HM-1183DBBE},01/05/2010 20:41:06,DTAA/BJM0992,PC-3542,"http://google.com"
{L2D3-U5DZ91DZ-6984VJAP},01/05/2010 21:56:14,DTAA/CDZ0056,PC-4052,"http://wordpress.org"
{X8C0-C8RJ11AT-4404GVGG},01/05/2010 22:08:20,DTAA/CLN0999,PC-3668,"http://odesk.com"
{K2B4-I5AZ63AC-3043KPJX},01/05/2010 22:32:46,DTAA/ASO0023,PC-3990,"http://google.com"
{N7T4-E0DT19TG-1375DJDA},01/05/2010 22:42:35,DTAA/ASO0023,PC-3990,"http://google.com"
{P6O9-R4JI75XP-8104UXOK},01/05/2010 22:44:37,DTAA/ARS0993,PC-2396,"http://google.com"
{R0F0-L0VI65TJ-4747BMXQ},01/05/2010 22:47:04,DTAA/ARS0993,PC-2396,"http://google.com"
{B4V9-L0QH05GD-7357QUKA},01/05/2010 22:59:09,DTAA/HNS0858,PC-3790,"http://ask.com"
{S1R4-D2OB12GP-5825IYTG},01/05/2010 22:59:52,DTAA/ARS0993,PC-2396,"http://offapprovalneedle.net"
{W5C6-N3MG75FY-1343WZQE},01/05/2010 23:42:55,DTAA/ASO0023,PC-3990,"http://google.com"
{L7V5-Q2NN56JB-6125WROE},01/06/2010 00:13:37,DTAA/ASO0023,PC-3990,"http://craigslist.org"
{T0I9-X1PK44FG-6919VXSJ},01/06/2010 00:22:53,DTAA/ASO0023,PC-3990,"http://google.com"
{E0I5-Y1ZW42OB-0996ACWT},01/06/2010 00:30:25,DTAA/ASO0023,PC-3990,"http://whip.beautiful-oil-soap.org"
{Z5L7-L1EQ52HM-2563FODW},01/06/2010 00:41:44,DTAA/ASO0023,PC-3990,"http://google.com"
{G5O9-Y1OW66WS-0363USYQ},01/06/2010 00:45:29,DTAA/CWG0305,PC-1107,"http://alibaba.com"
{J9K3-H2YS83WS-5227OUJE},01/06/2010 00:50:54,DTAA/ASO0023,PC-3990,"http://google.com"
{E4Z1-D0EO63CR-4310BMTV},01/06/2010 07:02:12,DTAA/NRM0093,PC-2882,"http://look.argument.com"
{Z8G2-G6CP55EO-6963ZZOC},01/06/2010 07:06:36,DTAA/AKA0033,PC-2020,"http://paypal.com"
{M6B7-I0TG77SK-9984AILM},01/06/2010 07:24:11,DTAA/RES0962,PC-3736,"http://reason.com"
{V3J1-D6PE32LG-4818ASPC},01/06/2010 07:26:14,DTAA/AGW0182,PC-4531,"http://rottentomatoes.com"
{C3K2-H1NP44RW-7331TCQM},01/06/2010 07:26:39,DTAA/ACD0647,PC-3117,"http://facebook.com"
{F9P4-F7CA83ZJ-7741VHFD},01/06/2010 07:27:06,DTAA/AGW0182,PC-4531,"http://facebook.com"
{V3O0-J1BE55ZG-4851PVWG},01/06/2010 07:30:09,DTAA/BCG0692,PC-3524,"http://make.heart.net"
{V0F9-R6TQ48AI-5902AZEQ},01/06/2010 07:32:07,DTAA/AEC0750,PC-2926,"http://amazon.com"
{B5F6-Y3MM07JW-4114EYVD},01/06/2010 07:32:17,DTAA/AKA0033,PC-2020,"http://google.com"
{W5U1-U2XD36DV-7474UIXQ},01/06/2010 07:32:54,DTAA/CJW0317,PC-1900,"http://wellsfargo.com"
{H1W6-W1PR24MR-5513OOEO},01/06/2010 07:34:45,DTAA/AKH0067,PC-2396,"http://youtube.com"
{K2Y8-Y3IG23EP-3117ZOAG},01/06/2010 07:37:08,DTAA/AID0577,PC-0425,"http://left.clean-soround.com"
{Y0U4-T3HQ53WQ-0782PSJR},01/06/2010 07:44:24,DTAA/NBB0501,PC-0457,"http://thepiratebay.org"
{Z1A1-T7QJ75YH-6857SZZH},01/06/2010 07:49:03,DTAA/AKH0067,PC-2396,"http://youtube.com"
{Z9S5-S7RG16VT-3006YMQX},01/06/2010 07:52:01,DTAA/AJA0220,PC-3872,"http://nytimes.com"
{X2P8-Y7GO04HL-4543GVEL},01/06/2010 07:52:20,DTAA/ABH0963,PC-2613,"http://facebook.com"
{R6Z1-Z2FS81DL-6189PTYO},01/06/2010 07:55:37,DTAA/ALC0244,PC-3992,"http://aol.com"
{I5T9-Q3PH39XL-7212MLXS},01/06/2010 07:57:04,DTAA/WCB0440,PC-3022,"http://regret.net"
{N4S8-K8LX10VK-4972WOZW},01/06/2010 08:00:50,DTAA/AMM0661,PC-1628,"http://google.com"
{T5E7-T8ZC62GN-4941IXMK},01/06/2010 08:01:22,DTAA/AKH0067,PC-2396,"http://facebook.com"
{H1K6-W3FK22IP-4653ALDC},01/06/2010 08:07:39,DTAA/ALC0244,PC-3992,"http://google.com"
{N6M6-M5KU15PD-6628ZSWC},01/06/2010 08:07:44,DTAA/AHD0147,PC-2753,"http://past.net"
{O2N6-K8OJ29BM-0068KIHU},01/06/2010 08:22:28,DTAA/AMH0101,PC-2735,"http://google.com"
{A8J6-L8DN76NI-6759ZALS},01/06/2010 08:28:58,DTAA/ACL0865,PC-0124,"http://facebook.com"
{W1X1-R5AH51ES-1373UMLP},01/06/2010 08:46:05,DTAA/DWB0426,PC-4757,"http://flag.net"
{K8V6-L1RM43SJ-4824JMPO},01/06/2010 08:50:09,DTAA/AQG0678,PC-1127,"http://google.com"
{M1P3-L0RE32ZY-3569NZDK},01/06/2010 08:56:27,DTAA/AFH0331,PC-0850,"http://wikipedia.org"
{A6N0-F4OV64IV-3181TOLO},01/06/2010 08:56:48,DTAA/MVW0630,PC-2005,"http://bladetight.org"
{K8K2-E2FK63MC-7968AKVK},01/06/2010 08:58:14,DTAA/AGB0091,PC-1512,"http://youtube.com"
{F6U0-S4OB23JQ-6243REBD},01/06/2010 09:03:28,DTAA/AEC0750,PC-2926,"http://wikipedia.org"
{G5G8-A6RC71LE-3372IGLU},01/06/2010 09:05:03,DTAA/AAA0371,PC-1689,"http://secureserver.net"
{L8P0-H6YL34KS-6311IFMA},01/06/2010 09:09:12,DTAA/AHV0103,PC-0201,"http://google.com"
{D8F2-S0AG71IQ-0539PUJO},01/06/2010 09:09:48,DTAA/AAR0508,PC-1469,"http://facebook.com"
{V3E2-L1UP16YH-9309YPVI},01/06/2010 09:11:08,DTAA/AFG0122,PC-4492,"http://facebook.com"
{A4N8-V6KG36DG-1020UVYB},01/06/2010 09:11:10,DTAA/BIR0534,PC-1834,"http://yahoo.com"
{X0C6-R2UN10LQ-9390QXAO},01/06/2010 09:11:14,DTAA/AEC0750,PC-2926,"http://wikipedia.org"
{I2S8-W9MD73EB-7154PEKE},01/06/2010 09:11:42,DTAA/ESB0080,PC-2529,"http://idea-father.org"
{E3N3-G8OY05NM-1315VCHY},01/06/2010 09:11:48,DTAA/AKA0033,PC-2020,"http://youtube.com"
{C5V8-I2ZW15MK-9042EILL},01/06/2010 09:28:15,DTAA/AJC0266,PC-4661,"http://youtube.com"
{P8Q6-W6NY15CM-1207LULA},01/06/2010 09:28:18,DTAA/PVW0713,PC-4069,"http://google.com"
{U6W3-P4UU08VI-5100ZPMG},01/06/2010 09:28:54,DTAA/AAK0924,PC-4772,"http://facebook.com"
{F3N3-C6RM57IM-8873PHYZ},01/06/2010 09:31:31,DTAA/AEG0905,PC-0211,"http://google.com"
{H3Z4-A9RE89EX-4270UHUW},01/06/2010 09:37:11,DTAA/CBR0208,PC-2888,"http://netteller.com"
{P9E1-G6BW40YT-4230SLLN},01/06/2010 09:41:19,DTAA/BCR0547,PC-1588,"http://google.com"
{N4N0-I7IJ18ET-1843LMQM},01/06/2010 09:46:02,DTAA/RIG0024,PC-3418,"http://tmz.com"
{Z9B7-N1WJ39TQ-7205BJWY},01/06/2010 09:46:29,DTAA/NSD0763,PC-2782,"http://soplease.net"
{R4O1-G0SK85SU-5696PDXO},01/06/2010 09:58:16,DTAA/RSJ0328,PC-4292,"http://youtube.com"
{H5E5-O8VF63AC-9895DSIY},01/06/2010 09:58:55,DTAA/CCA0349,PC-1418,"http://pinterest.com"
{J0L9-D4HV35AG-9113NSAM},01/06/2010 10:00:14,DTAA/BNM0353,PC-0237,"http://imgur.com"
{F2U7-V9GN31XG-2462NNCL},01/06/2010 10:00:14,DTAA/MWH0853,PC-3024,"http://politico.com"
{I6Z6-J7SM38JQ-7465EGZI},01/06/2010 10:00:49,DTAA/AJS0978,PC-1738,"http://traderespect-screw.org"
{H0S3-T4IN04YQ-6846CILZ},01/06/2010 10:00:55,DTAA/ACM0061,PC-1324,"http://wikipedia.org"
{B8U4-N7MX66HF-6585ETAF},01/06/2010 10:01:49,DTAA/AMM0340,PC-0831,"http://google.com"
{J7Z8-R8CG40CL-6341CWQO},01/06/2010 10:03:45,DTAA/ACH0803,PC-4334,"http://facebook.com"
{M2T3-O3AI64HO-4227OFFQ},01/06/2010 10:05:06,DTAA/SKH0467,PC-1582,"http://north.net"
{I5Q1-C0WV23KC-3887RVQI},01/06/2010 10:05:13,DTAA/ADR0219,PC-2943,"http://amazon.com"
{I4F4-Z0RB99ZE-8328HJCM},01/06/2010 10:05:14,DTAA/BJM0311,PC-2790,"http://google.com"
{B4S6-W0JE72VY-4432SMUR},01/06/2010 10:05:23,DTAA/BNM0353,PC-0237,"http://imgur.com"
{T9L6-A3DI85KC-1058FVKX},01/06/2010 10:07:02,DTAA/AHV0103,PC-0201,"http://ebay.com"
{E1K8-I0HD20WG-7773JQVZ},01/06/2010 10:07:36,DTAA/BMM0247,PC-3084,"http://twist-straight.org"
{E2A6-C2ES92RE-3348FUYX},01/06/2010 10:07:59,DTAA/AGW0182,PC-4531,"http://google.com"
{Z8R9-M9AB60FN-9561CHVZ},01/06/2010 10:09:05,DTAA/SLC0778,PC-3199,"http://linkedin.com"
{I4A0-Q7RR92IZ-3109KHKY},01/06/2010 10:09:09,DTAA/AMM0661,PC-1628,"http://facebook.com"
{Z5O6-L0BH39LL-9724BKVT},01/06/2010 10:09:13,DTAA/JAM0392,PC-0209,"http://drudgereport.com"
{B4X7-B6TE13NV-6680JFGI},01/06/2010 10:09:36,DTAA/AJC0266,PC-4661,"http://yahoo.com"
{L3P2-B8SL97QQ-7564ZNVI},01/06/2010 10:09:48,DTAA/AMM0661,PC-1628,"http://facebook.com"
{X5R9-E3EP32RD-5951GOFB},01/06/2010 10:11:11,DTAA/HCC0258,PC-3668,"http://baidu.com"
{Q6S7-X0ZX86IM-3890TQQU},01/06/2010 10:11:57,DTAA/AAR0508,PC-1469,"http://facebook.com"
{K5F0-I4OP68MK-7711PJOL},01/06/2010 10:13:03,DTAA/CAW0976,PC-4600,"http://ear.substance.net"
{G1O3-J1VE27FJ-4414ROKG},01/06/2010 10:13:05,DTAA/AFR0646,PC-0323,"http://jumpwide.flame.between.turn.com"
{F9Z2-D4AT92OH-1263KZYM},01/06/2010 10:13:46,DTAA/ESB0080,PC-2529,"http://pen.flightsong.com"
{B1U9-Y9UM47YY-2858NPPQ},01/06/2010 10:13:46,DTAA/AGF0088,PC-3721,"http://yahoo.com"
{Z7X8-P3NI50BH-7584QOGW},01/06/2010 10:13:50,DTAA/EEK0031,PC-2889,"http://profit.net"
{R7V1-F0FM62KD-4952WZJE},01/06/2010 10:15:53,DTAA/AJM0302,PC-3902,"http://live.com"
{I2B8-L4TL58WI-7271OTKY},01/06/2010 10:16:11,DTAA/AUM0365,PC-0338,"http://google.com"
{A6D4-B7IY04QF-2989WQST},01/06/2010 10:16:35,DTAA/BYB0347,PC-0714,"http://reference.com"
{G2J7-T4DF48EQ-2224KTUE},01/06/2010 10:16:39,DTAA/AIC0321,PC-4887,"http://photobucket.com"
{G9G0-T4OB06YY-7034WAFR},01/06/2010 10:18:19,DTAA/COS0121,PC-0462,"http://facebook.com"
{W9I3-N4HR21QH-6634QLXS},01/06/2010 10:20:41,DTAA/RBY0065,PC-2214,"http://google.com"
{U4Q8-I4HG19RO-9538ASOZ},01/06/2010 10:20:57,DTAA/EBS0287,PC-2785,"http://rest.com"
{V9E5-K0JQ13XL-9551GLEZ},01/06/2010 10:22:01,DTAA/KVH0355,PC-0826,"http://meat.org"
{F4A2-Z9VD47QW-0137ZLVF},01/06/2010 10:22:02,DTAA/AJA0220,PC-3872,"http://t.co"
{R9W4-U6VE09UA-2101CFEL},01/06/2010 10:22:07,DTAA/ASR0539,PC-3622,"http://dailymotion.com"
{Z4S7-D7PZ46FE-5131XXUI},01/06/2010 10:24:12,DTAA/ASP0799,PC-0560,"http://google.com"
{Z8Z4-X2DP51BW-9989XHJP},01/06/2010 10:24:35,DTAA/ABB0272,PC-0726,"http://go.com"
{Q8J5-Z4VY32UX-9431URDC},01/06/2010 10:24:42,DTAA/AMH0101,PC-2735,"http://google.com"
{O4C9-Q4VL69AO-2643GXXT},01/06/2010 10:31:14,DTAA/ARP0948,PC-4291,"http://google.com"
{G6H8-S7PI43DN-0336JJZO},01/06/2010 10:33:19,DTAA/AFN0918,PC-3425,"http://groupon.com"
{P0K5-X1DA18PQ-3655KPVI},01/06/2010 10:37:30,DTAA/BAF0379,PC-3645,"http://directv.com"
{K9T4-L4WL87RC-7526BGLJ},01/06/2010 10:37:54,DTAA/ASP0799,PC-0560,"http://google.com"
{V5E3-S9ZK43PP-1890VJFU},01/06/2010 10:37:54,DTAA/AFG0122,PC-4492,"http://google.com"
{X9V7-R0ZA55TM-8968AFWZ},01/06/2010 10:39:17,DTAA/BSM0334,PC-2722,"http://googleusercontent.com"
{R6X9-M2BD17CL-3086PWBY},01/06/2010 10:41:08,DTAA/ABB0272,PC-0726,"http://yahoo.com"
{Q8N6-J6BR58TW-8801EVSZ},01/06/2010 10:41:22,DTAA/DIS0382,PC-2501,"http://youtube.com"
{G4Q5-B4VK29EL-2402GTUU},01/06/2010 10:43:14,DTAA/NCW0246,PC-4174,"http://political.beddry.org"
{K1P2-S0EV09CQ-4615MPBP},01/06/2010 10:43:15,DTAA/NBT0479,PC-2462,"http://linkedin.com"
{B6Z2-V2CF37EP-4481XYGI},01/06/2010 10:43:35,DTAA/RLS0935,PC-0300,"http://urbanspoon.com"
{M9P6-F5IG46ZT-1936BERB},01/06/2010 10:43:46,DTAA/ZBH0980,PC-0111,"http://verizon.com"
{L8Y6-V1YK61ZJ-2328KRAP},01/06/2010 10:45:50,DTAA/ABH0963,PC-2613,"http://facebook.com"
{A1A6-V9II88IW-8078TMIR},01/06/2010 10:46:10,DTAA/DNM0143,PC-4773,"http://judge.org"
{U4N2-Q2NW26LG-8622VLMC},01/06/2010 10:46:23,DTAA/BYB0347,PC-0714,"http://google.com"
{A1S2-W8ZY06DF-5821PWKR},01/06/2010 10:48:38,DTAA/ADR0219,PC-2943,"http://youtube.com"
{N2V3-N0ZV61KH-4782IFTV},01/06/2010 10:50:50,DTAA/NHL0253,PC-3339,"http://polishbe-help-mine.com"
{Y8M4-H5HX96NH-0167PXVD},01/06/2010 10:52:19,DTAA/AAS0709,PC-2967,"http://facebook.com"
{F7D0-B1QX96AV-9895QUSS},01/06/2010 10:52:20,DTAA/BCG0692,PC-3524,"http://google.com"
{A4H4-E4DQ44BZ-3876QYUG},01/06/2010 10:52:57,DTAA/DDK0417,PC-0980,"http://squidoo.com"
{E1G0-N8DG16AK-8078YKYP},01/06/2010 10:54:16,DTAA/BAF0379,PC-3645,"http://wellsfargo.com"
{X9D5-I2IJ45GM-8294PQGF},01/06/2010 10:54:47,DTAA/AJC0203,PC-1144,"http://t.co"
{C0D9-R7RM57BU-3160CLJL},01/06/2010 10:55:19,DTAA/AMM0340,PC-0831,"http://facebook.com"
{G1A8-T5AJ77QB-5020TMGI},01/06/2010 10:58:07,DTAA/MMH0581,PC-3464,"http://bing.com"
{T5P9-C7QF30FV-1946EQFK},01/06/2010 10:58:07,DTAA/ASP0799,PC-0560,"http://google.com"
{Z9R0-Z1CZ47GN-5193GGYX},01/06/2010 10:58:35,DTAA/AFH0331,PC-0850,"http://wikipedia.org"
{I1X6-O8WY04KV-2038KAYF},01/06/2010 10:58:54,DTAA/BPC0533,PC-1229,"http://facebook.com"
{N6W7-Z5KU12EX-9238IQPI},01/06/2010 10:58:56,DTAA/ARM0416,PC-1249,"http://google.com"
{O7R6-P2YK82WK-2869VXDR},01/06/2010 11:00:59,DTAA/ALW0694,PC-0415,"http://google.com"
{E4U0-K1QA90RO-7645BJGP},01/06/2010 11:01:03,DTAA/CGR0202,PC-2454,"http://warriorforum.com"
{M1R4-B3IJ08VN-5158JGQA},01/06/2010 11:01:07,DTAA/CPP0761,PC-2665,"http://yahoo.com"
{Q7Q0-B1UL35ZP-4354ZDKZ},01/06/2010 11:01:19,DTAA/AUM0365,PC-0338,"http://google.com"
{N4Y5-P2ZA83IQ-2002KIJA},01/06/2010 11:01:25,DTAA/CKB0536,PC-3570,"http://walmart.com"
