id,date,user,pc,activity
{Y6O4-A7KC67IN-0899AOZK},01/04/2010 00:10:37,DTAA/KEE0997,PC-1914,Logon
{O5Y6-O7CJ02JC-6704RWBS},01/04/2010 00:52:16,DTAA/KEE0997,PC-1914,Logoff
{D2D1-C6EB14QJ-2100RSZO},01/04/2010 01:17:20,DTAA/KEE0997,PC-3363,Logon
{H9W1-X0MC70BT-6065RPAT},01/04/2010 01:28:34,DTAA/KEE0997,PC-3363,Logoff
{H3H4-S5AZ00AZ-9560IYHC},01/04/2010 01:57:30,DTAA/BJM0992,PC-3058,Logon
{H1E4-U0IU16JR-6471SEGS},01/04/2010 02:01:26,DTAA/CLB0995,PC-1127,Logon
{Z5C8-S3XM85HP-3642TRNY},01/04/2010 02:03:34,DTAA/CLB0995,PC-1127,Logoff
{D0H4-Z7QP58CK-8444FHEU},01/04/2010 02:16:17,DTAA/BJM0992,PC-3058,Logoff
{B1F6-Q3QQ10DK-0433PXKN},01/04/2010 02:25:16,DTAA/BJM0992,PC-0585,Logon
{E4A8-D0KY75XA-8249HKXK},01/04/2010 02:30:13,DTAA/BJM0992,PC-0585,Logoff
{G9P8-T9SO54NE-8925CJHZ},01/04/2010 02:39:10,DTAA/CRC0996,PC-0433,Logon
{W1E9-N6CT54SQ-5435KQVJ},01/04/2010 03:04:45,DTAA/IRC0991,PC-2564,Logon
{N6X2-M3JP49QF-8200OJGG},01/04/2010 03:06:53,DTAA/IRC0991,PC-2564,Logoff
{O2G3-A8OY77SX-9144BEBN},01/04/2010 03:16:08,DTAA/CLN0999,PC-3570,Logon
{G7D5-B7WV64MR-6297WXDI},01/04/2010 03:20:19,DTAA/CRC0996,PC-0433,Logoff
{F1R1-X7YN85BC-8600ECPO},01/04/2010 03:26:35,DTAA/DSM0990,PC-4163,Logon
{O6R9-J2KP59XU-1894BYQD},01/04/2010 03:32:38,DTAA/CLN0999,PC-3570,Logoff
{T2A3-J9GX17TO-0075KKAM},01/04/2010 03:51:54,DTAA/DSM0990,PC-4163,Logoff
{Q8D8-W9AS61AT-5411NKYP},01/04/2010 04:08:42,DTAA/CRC0996,PC-3916,Logon
{I1T3-A7LO45SJ-9806BKBY},01/04/2010 04:17:35,DTAA/KEE0997,PC-1939,Logon
{P2E0-V5BO28CD-8221HRPM},01/04/2010 04:20:52,DTAA/JCC0998,PC-0975,Logon
{E5L2-B9KS84EF-4946MDYW},01/04/2010 04:25:47,DTAA/CRC0996,PC-3916,Logoff
{G5L7-H4OI21DD-1632NRDO},01/04/2010 04:27:37,DTAA/JCC0998,PC-0975,Logoff
{D3J7-D7GU80QH-9404JVZB},01/04/2010 04:33:46,DTAA/CLN0999,PC-2613,Logon
{H3J5-S6WE36RA-8739NHSI},01/04/2010 04:58:04,DTAA/CRC0996,PC-3366,Logon
{D9S1-U3EF52ZD-4210EUPJ},01/04/2010 05:01:16,DTAA/KEE0997,PC-1939,Logoff
{T8Q7-B9NO59EG-0606KWKD},01/04/2010 05:05:45,DTAA/CLB0995,PC-1479,Logon
{N6O7-Q2NM92PC-3727RTFV},01/04/2010 05:17:32,DTAA/CLN0999,PC-2613,Logoff
{O6R2-V3PW20QP-8622RUHI},01/04/2010 05:17:53,DTAA/CLB0995,PC-1479,Logoff
{L4E2-F8MO39KR-1460MYSD},01/04/2010 05:23:19,DTAA/CRC0996,PC-3366,Logoff
{W6X9-A8RZ18JA-7470BOFD},01/04/2010 05:53:31,DTAA/CLB0995,PC-3815,Logon
{Y0T1-A4BQ19WQ-3078CQAH},01/04/2010 05:57:58,DTAA/CLB0995,PC-3815,Logoff
{K9Q5-G7FP44MG-3797DRAL},01/04/2010 06:21:49,DTAA/MCR0314,PC-0248,Logon
{X8B9-A6BW21BP-0697EJUX},01/04/2010 06:23:16,DTAA/IGC0415,PC-4041,Logon
{C4X3-T2VO99MZ-8071SSIZ},01/04/2010 06:25:10,DTAA/JCC0998,PC-2846,Logon
{I0C6-Q9AW80AI-5286YZOX},01/04/2010 06:26:16,DTAA/CBP0628,PC-4750,Logon
{D9S4-D4JJ80VN-8667EUMI},01/04/2010 06:27:17,DTAA/AJS0917,PC-2082,Logon
{E4D5-T8SH33PE-2774EOUH},01/04/2010 06:27:35,DTAA/EBP0037,PC-2088,Logon
{I2D5-V3IL15AF-0252UEQF},01/04/2010 06:29:33,DTAA/MBZ0932,PC-2560,Logon
{Y9M5-V4FV54QM-3751ZODN},01/04/2010 06:30:25,DTAA/NLD0701,PC-1189,Logon
{C2M4-U6KQ24IQ-9892JZQM},01/04/2010 06:30:27,DTAA/LSV0944,PC-2992,Logon
{N9C1-B7NU06MJ-2614WKTT},01/04/2010 06:30:30,DTAA/LCL0792,PC-1506,Logon
{Y3W9-P6EL25ZM-5691ZDOH},01/04/2010 06:32:20,DTAA/JHA0404,PC-3676,Logon
{T8O4-Q8RQ99IE-0294IZSC},01/04/2010 06:35:17,DTAA/MWH0853,PC-3024,Logon
{Z5P4-H1UD43BJ-8937ZJAS},01/04/2010 06:35:41,DTAA/OLR0984,PC-0846,Logon
{N5F5-Y3WR76JE-5453DCES},01/04/2010 06:35:44,DTAA/CSC0297,PC-2848,Logon
{T5K0-S4YB11HT-1689WDRI},01/04/2010 06:36:19,DTAA/NHH0566,PC-1651,Logon
{B8U0-X8NK98QM-0702VJEJ},01/04/2010 06:36:26,DTAA/ACD0647,PC-3117,Logon
{F4B1-B8OM22IK-7986DNOG},01/04/2010 06:37:06,DTAA/BFO0974,PC-2099,Logon
{G5U0-W8JK29BK-2835XEIM},01/04/2010 06:38:10,DTAA/CDR0453,PC-1817,Logon
{G9J0-C3XN50FO-7910QHZB},01/04/2010 06:39:40,DTAA/NQC0925,PC-4866,Logon
{T4W1-T3BV53VD-7564RYMF},01/04/2010 06:39:58,DTAA/AKA0033,PC-2020,Logon
{M8Y9-P4LW13IE-3902GACH},01/04/2010 06:40:18,DTAA/MGF0743,PC-2137,Logon
{D4L3-A4RQ61SY-2060XROP},01/04/2010 06:41:46,DTAA/OAR0291,PC-2700,Logon
{F8E3-V3OI83OS-4325MVHH},01/04/2010 06:42:05,DTAA/TRB0414,PC-3114,Logon
{C8S3-O6BP97ZH-0492KWXH},01/04/2010 06:42:45,DTAA/KPC0158,PC-2342,Logon
{X9N6-V0NK51KT-8076HKFQ},01/04/2010 06:44:18,DTAA/OTS0256,PC-0929,Logon
{H1B1-B8NH52WE-2791KNIM},01/04/2010 06:44:34,DTAA/NJD0267,PC-0299,Logon
{H8I7-N4PQ93RF-3964CSNL},01/04/2010 06:45:58,DTAA/ZKH0388,PC-1021,Logon
{J9U5-Z3CY50PV-1654FWVL},01/04/2010 06:46:36,DTAA/SJH0907,PC-2525,Logon
{G8B8-F6WB38JE-5176DMTJ},01/04/2010 06:46:42,DTAA/GHC0041,PC-1139,Logon
{F1Q3-E2PP25XT-0564JHDJ},01/04/2010 06:46:51,DTAA/ARS0993,PC-1203,Logon
{J9D7-T9FK68XD-6049PHHA},01/04/2010 06:46:56,DTAA/XHN0227,PC-0440,Logon
{C1M3-P0VB20XT-5027GEBV},01/04/2010 06:47:48,DTAA/NRS0477,PC-0672,Logon
{K1K7-A2BB07OG-0867TMWC},01/04/2010 06:49:04,DTAA/DAO0613,PC-4598,Logon
{C4F7-B2UB98EZ-3617IZJE},01/04/2010 06:49:10,DTAA/MCH0530,PC-4577,Logon
{M5Q8-Y8TV32PR-0408HGNA},01/04/2010 06:50:12,DTAA/CZB0163,PC-0016,Logon
{Y3C6-B7PB72XC-2880QWQV},01/04/2010 06:50:18,DTAA/DST0527,PC-0745,Logon
{L5T9-L4RO29VH-7375EUYY},01/04/2010 06:50:19,DTAA/HTG0554,PC-0010,Logon
{B3Y0-K8LF21IQ-8501NHFB},01/04/2010 06:50:34,DTAA/BCV0109,PC-0023,Logon
{P1L9-Y3KY87KI-9135XREL},01/04/2010 06:50:39,DTAA/CNT0514,PC-2053,Logon
{N1J0-E8DT29DX-6060OLBQ},01/04/2010 06:51:08,DTAA/CLB0995,PC-3293,Logon
{X5Y4-T8FZ98BI-5075FWKM},01/04/2010 06:51:23,DTAA/SXH0895,PC-4647,Logon
{V8K8-Z5AQ16NY-1263AGGC},01/04/2010 06:51:25,DTAA/BJC0569,PC-2588,Logon
{U3P8-I9YS20RA-6588ZRNY},01/04/2010 06:52:25,DTAA/EGM0401,PC-0936,Logon
{U4B2-A7UC17PV-3452RIPT},01/04/2010 06:52:46,DTAA/JBA0373,PC-4398,Logon
{Z6K0-H4CK77UQ-9389SSMN},01/04/2010 06:52:49,DTAA/BCG0692,PC-3524,Logon
{R1X0-Q7TU96ZS-4259XPLE},01/04/2010 06:53:56,DTAA/JCS0873,PC-1560,Logon
{J2B0-L0CD15PQ-4191JHFJ},01/04/2010 06:56:46,DTAA/AMA0606,PC-1514,Logon
{F7U4-R8PJ16PH-6015IZZK},01/04/2010 06:58:01,DTAA/KRC0021,PC-1203,Logon
{J8Y4-I1KT84NQ-1178PUKK},01/04/2010 06:58:48,DTAA/RWD0210,PC-2564,Logon
{V5C9-O1HQ46IJ-9919ZFUW},01/04/2010 06:58:53,DTAA/OKG0160,PC-1360,Logon
{P8H6-P7QM03MN-2328BDFX},01/04/2010 06:59:23,DTAA/DRP0428,PC-2979,Logon
{B6R6-I7FG48LR-0729PHSA},01/04/2010 06:59:32,DTAA/RES0962,PC-3736,Logon
{E1F9-L9AU65PL-5131FCWY},01/04/2010 06:59:56,DTAA/BCG0303,PC-3363,Logon
{S8I3-O7UH23ZL-7382KXRV},01/04/2010 07:00:10,DTAA/JNF0543,PC-1389,Logon
{U8L9-X9JS34LM-8930OKQA},01/04/2010 07:00:53,DTAA/GJG0820,PC-2498,Logon
{O5F9-P7ML31ZH-4347UKNH},01/04/2010 07:01:09,DTAA/ICF0629,PC-3067,Logon
{L6G8-V4HO21SN-3846YZTF},01/04/2010 07:01:52,DTAA/NKM0018,PC-3107,Logon
{D6U8-F3ZB05SS-8265BNVN},01/04/2010 07:02:27,DTAA/YCD0922,PC-1763,Logon
{I5E6-J0OB13RJ-0326SHBB},01/04/2010 07:03:13,DTAA/TQC0249,PC-1513,Logon
{R8O4-L7JM50GB-0982XNCR},01/04/2010 07:03:17,DTAA/NRM0093,PC-2882,Logon
{G5R5-J3JI50YC-4786NZIO},01/04/2010 07:03:23,DTAA/CAR0015,PC-0700,Logon
{Z3O7-G3PU71FU-8231QCED},01/04/2010 07:03:52,DTAA/ZBM0626,PC-2382,Logon
{Y3L4-P8JU24RZ-4698FUVE},01/04/2010 07:04:05,DTAA/CMF0339,PC-1939,Logon
{B1C7-Z6XC76KV-6067MGOA},01/04/2010 07:04:11,DTAA/BFO0438,PC-4057,Logon
{N4O4-G8LA04SO-6757JTFJ},01/04/2010 07:05:01,DTAA/JCT0410,PC-1699,Logon
{S5K3-U9JW92NY-2107XNBR},01/04/2010 07:05:02,DTAA/SGS0352,PC-4935,Logon
{Z8V9-B3US79QX-4031HNMF},01/04/2010 07:05:03,DTAA/ALW0694,PC-0415,Logon
{K0V1-G5GZ53AL-6867ZIQF},01/04/2010 07:05:10,DTAA/DRH0790,PC-2553,Logon
{M6B5-U1WV33AA-3611GNBD},01/04/2010 07:05:32,DTAA/YQW0689,PC-1761,Logon
{S1A6-W4UG64WQ-8119VTUI},01/04/2010 07:05:40,DTAA/SBH0674,PC-0750,Logon
{Y7H5-D7LW44OK-3270QPWS},01/04/2010 07:05:53,DTAA/AEC0750,PC-2926,Logon
{Q8R0-G8JC42OD-1661RMAR},01/04/2010 07:06:01,DTAA/DSS0112,PC-3385,Logon
{M7Y9-Z8HX88OI-4783TZWE},01/04/2010 07:06:10,DTAA/FKR0550,PC-2469,Logon
{I7X2-J1JB17DZ-2607IBWR},01/04/2010 07:06:33,DTAA/SSW0815,PC-0542,Logon
{J7Z2-L8QM57MG-3315LKQG},01/04/2010 07:07:08,DTAA/TFS0216,PC-0502,Logon
{C6T2-T1IZ27SS-6456TDSQ},01/04/2010 07:07:16,DTAA/YJJ0129,PC-0075,Logon
{L6Q0-P8VR18PF-2723EARQ},01/04/2010 07:07:25,DTAA/JHN0241,PC-2064,Logon
{H6C1-O6WB71BX-3406KCXS},01/04/2010 07:07:38,DTAA/EFS0114,PC-3607,Logon
{R2E8-F8AY98FH-6038UFVR},01/04/2010 07:07:47,DTAA/PID0096,PC-3167,Logon
{A9V9-M6TY16CH-0698XEIQ},01/04/2010 07:07:49,DTAA/HPF0958,PC-3782,Logon
{G9X7-T1ZK71KK-6670REPW},01/04/2010 07:07:59,DTAA/JCC0998,PC-2846,Logoff
{N7V7-U4NW56MM-4062SKTT},01/04/2010 07:08:03,DTAA/RBY0065,PC-2214,Logon
{Y4R8-K7UL96LY-5051PKTO},01/04/2010 07:08:16,DTAA/CSR0189,PC-3494,Logon
{V2A1-X9TQ98ZI-1738NBFV},01/04/2010 07:08:27,DTAA/JTT0989,PC-0989,Logon
{F1E1-U7CP17NR-5568FBVY},01/04/2010 07:08:30,DTAA/JFA0081,PC-4328,Logon
{Z2R4-Q8NO19CH-0262UAUG},01/04/2010 07:08:37,DTAA/STC0066,PC-3069,Logon
{O7Y1-F9KD12OT-4790PTTR},01/04/2010 07:09:30,DTAA/PUH0847,PC-2550,Logon
{V7E1-D5TT67NR-4759QTVB},01/04/2010 07:09:37,DTAA/OZD0789,PC-4695,Logon
{B1O6-M3MI98PE-8842JZVZ},01/04/2010 07:09:40,DTAA/NAC0161,PC-1120,Logon
{K1N8-F1DI32EX-4265ULOK},01/04/2010 07:09:46,DTAA/ARS0993,PC-1203,Logoff
{D8I4-G1SK54PC-5801ZYWL},01/04/2010 07:09:56,DTAA/MND0048,PC-4163,Logon
{F6D8-R3NX64TJ-3105EFNP},01/04/2010 07:09:57,DTAA/NWT0708,PC-1857,Logon
{P9B2-O6YW22PQ-0874OWFZ},01/04/2010 07:11:13,DTAA/HCM0681,PC-3591,Logon
{V2I3-J4SG49AL-3265XRMY},01/04/2010 07:11:19,DTAA/CLB0995,PC-2437,Logon
{D5D7-Y5SJ23AM-8278GCIN},01/04/2010 07:11:22,DTAA/OBF0564,PC-3120,Logon
{X1Z1-R3HU01II-2018SVCV},01/04/2010 07:11:36,DTAA/RER0237,PC-1175,Logon
{W0D0-Y0SN54QJ-5389TKNM},01/04/2010 07:11:41,DTAA/SBM0217,PC-4499,Logon
{E6A6-N8NI51FM-3806OEZZ},01/04/2010 07:12:00,DTAA/CGM0319,PC-3173,Logon
{D7S4-D3BJ59WI-4227APJI},01/04/2010 07:12:56,DTAA/OSS0859,PC-3867,Logon
{R3D8-X6PA13IR-8576PLFH},01/04/2010 07:13:10,DTAA/GNH0394,PC-2161,Logon
{G0H6-Y9AR37MV-4402TZFD},01/04/2010 07:13:11,DTAA/DSM0990,PC-4152,Logon
{V6E8-I0GB48ZH-4173XXLY},01/04/2010 07:13:30,DTAA/DBM0698,PC-1444,Logon
{G2B3-X9JH43GG-6072UJCA},01/04/2010 07:14:37,DTAA/LIB0089,PC-0458,Logon
{P8H9-S9PU31VY-1918DOFH},01/04/2010 07:16:10,DTAA/LDM0318,PC-1591,Logon
{F0F7-N1HH96MP-0668VODB},01/04/2010 07:16:18,DTAA/KCH0987,PC-0869,Logon
{P6V8-A8ER29YZ-1231CYSV},01/04/2010 07:16:23,DTAA/GSL0697,PC-3442,Logon
{P7C5-P6QE71RA-6406PLON},01/04/2010 07:16:58,DTAA/SEF0446,PC-2477,Logon
{F1L3-S3HW44SY-6026PYDS},01/04/2010 07:18:09,DTAA/COS0121,PC-0462,Logon
{P7T3-A4WP22XJ-6543VLTB},01/04/2010 07:18:28,DTAA/JGC0775,PC-2680,Logon
{L3T9-P9PK12ZP-7360SMTH},01/04/2010 07:18:37,DTAA/CLB0995,PC-3293,Logoff
{C5P5-F1QU03SX-8039PKIO},01/04/2010 07:19:06,DTAA/DBA0367,PC-3885,Logon
{I5F0-H7JZ69QF-5650AENC},01/04/2010 07:19:13,DTAA/HOO0224,PC-2668,Logon
{V5J1-E9IS01IM-7542DQES},01/04/2010 07:19:59,DTAA/PRR0982,PC-1438,Logon
{V5X7-C9JF64XS-1100ZZTH},01/04/2010 07:20:07,DTAA/GKC0919,PC-3647,Logon
{V4I3-Y2PH29GP-6243ZIEU},01/04/2010 07:20:08,DTAA/CLB0995,PC-3713,Logon
{T4T9-E9HS66CC-5865IWME},01/04/2010 07:20:10,DTAA/DDJ0535,PC-3465,Logon
{C0I5-T5ON19OC-7478DOUN},01/04/2010 07:20:14,DTAA/JMC0233,PC-0805,Logon
{N2I1-W1SB97GF-9796ZQTP},01/04/2010 07:20:24,DTAA/ONB0177,PC-0232,Logon
{N6C2-E6PP98SS-7320XETF},01/04/2010 07:20:27,DTAA/OXC0609,PC-0313,Logon
{U3C7-N1QQ70ES-3935EORP},01/04/2010 07:20:41,DTAA/MFN0656,PC-1313,Logon
{I8U3-V5CO34DO-2506MGNQ},01/04/2010 07:20:49,DTAA/NTO0396,PC-2674,Logon
{Q2Q6-D2BJ58YI-1660KQZL},01/04/2010 07:20:50,DTAA/HLA0457,PC-4441,Logon
{J8Z5-P1CF07SR-4560BSUS},01/04/2010 07:20:53,DTAA/NWG0682,PC-2765,Logon
{Q8J4-R5RJ61HC-0946TQAX},01/04/2010 07:21:06,DTAA/AKH0067,PC-2396,Logon
{O4Z0-K2CG07YW-5573TPIU},01/04/2010 07:21:18,DTAA/CDF0585,PC-1308,Logon
{W3C2-D7KL77JV-6964LZSP},01/04/2010 07:21:29,DTAA/HJK0057,PC-1587,Logon
{F6W9-T9JQ42YE-6487WLQZ},01/04/2010 07:21:31,DTAA/RKC0190,PC-4117,Logon
{Q5E9-Y3II86YC-4074CSHA},01/04/2010 07:21:34,DTAA/HCR0795,PC-2757,Logon
{Y9G2-J5NX76XL-5668PPMQ},01/04/2010 07:21:36,DTAA/CJW0317,PC-1900,Logon
{Z0Y8-M0KI31EO-8767MYKQ},01/04/2010 07:21:55,DTAA/WCN0570,PC-3651,Logon
{M4U4-B9CH75RN-3366XWEJ},01/04/2010 07:21:59,DTAA/DXM0213,PC-3815,Logon
{J6P7-J7FX92ZV-3715IUMF},01/04/2010 07:22:01,DTAA/DCB0462,PC-2659,Logon
{B3H9-W8BN79OJ-7914VNCA},01/04/2010 07:22:06,DTAA/MTC0538,PC-0548,Logon
{A6D4-V6CG02RW-2325PBJG},01/04/2010 07:22:32,DTAA/RBB0229,PC-0696,Logon
{K7F7-S5GA82OW-5225HGCS},01/04/2010 07:22:42,DTAA/DWB0426,PC-4757,Logon
{X8L7-V8LR95LP-8872QDBA},01/04/2010 07:22:55,DTAA/ABH0963,PC-2613,Logon
{D8O2-A0IV07JA-5388DQPD},01/04/2010 07:23:00,DTAA/TLV0936,PC-1917,Logon
{P4Z5-X2JU93YV-1740CCGO},01/04/2010 07:23:04,DTAA/KDC0928,PC-1655,Logon
{Q0L3-K1VI07NB-5649RETU},01/04/2010 07:23:08,DTAA/MEV0886,PC-0565,Logon
{T9J8-B2HM51FS-0626NPYV},01/04/2010 07:23:11,DTAA/FFP0721,PC-0690,Logon
{D5P2-C0AR66HU-0090LVUI},01/04/2010 07:23:12,DTAA/BFV0911,PC-1532,Logon
{Y8R9-M8UU90RQ-4244ISPL},01/04/2010 07:23:13,DTAA/IJJ0342,PC-3239,Logon
{S1D8-L2OM34ED-1188IJPR},01/04/2010 07:23:20,DTAA/SLM0781,PC-2034,Logon
{X2P1-O2UE01YR-9760QMBU},01/04/2010 07:23:21,DTAA/IRC0991,PC-1118,Logon
{Q1E4-C2IJ22RX-1866ELNF},01/04/2010 07:23:23,DTAA/KBP0188,PC-3087,Logon
{Y7Q1-V1VE97UL-1349IATS},01/04/2010 07:23:24,DTAA/MSV0506,PC-3240,Logon
{D0D2-P4HS41EF-0270CDOF},01/04/2010 07:23:31,DTAA/ROM0419,PC-3957,Logon
{Z1K5-O7YQ19PB-0938GXDY},01/04/2010 07:23:32,DTAA/SBH0674,PC-4971,Logon
{J8M4-D8IB31UA-6097XSHB},01/04/2010 07:23:33,DTAA/SCB0529,PC-1462,Logon
{S3U6-A8KL83QK-8281RGGP},01/04/2010 07:23:34,DTAA/WFL0495,PC-2899,Logon
{X3S5-Z7RC48MY-1349TWEG},01/04/2010 07:23:36,DTAA/RLC0442,PC-1467,Logon
{J6Y9-B9IB47HQ-3168AURS},01/04/2010 07:23:40,DTAA/FIM0668,PC-3866,Logon
{S1K1-Y3RE14UW-9107LJDW},01/04/2010 07:23:40,DTAA/ALN0201,PC-4853,Logon
{P6K5-X4LK42MP-3365QKWK},01/04/2010 07:23:55,DTAA/BNL0480,PC-4463,Logon
{G0P8-Y9CV20GJ-1709SDZF},01/04/2010 07:24:13,DTAA/XXD0650,PC-3137,Logon
{B6Z5-H3EX44BW-6279KICR},01/04/2010 07:24:22,DTAA/AKP0173,PC-2876,Logon
{C0Q5-Y8YL79MG-3428ZTUC},01/04/2010 07:24:28,DTAA/AID0577,PC-0425,Logon
{K0D9-W6UR89GL-2075MGNF},01/04/2010 07:24:32,DTAA/CCB0496,PC-0214,Logon
{Y7D3-M4IU19AF-0822UPPY},01/04/2010 07:24:53,DTAA/AMA0191,PC-4736,Logon
{F9S0-B0SC93AX-8230PLSV},01/04/2010 07:25:21,DTAA/HSM0389,PC-1057,Logon
{M9A0-M9TJ33YM-9539QTYG},01/04/2010 07:25:25,DTAA/MMH0581,PC-3464,Logon
{F5P3-L1EF22OU-2053CATM},01/04/2010 07:26:02,DTAA/DSM0990,PC-4152,Logoff
{V2Z6-V4XD23RU-3730YKEB},01/04/2010 07:26:12,DTAA/CPS0559,PC-1877,Logon
{T5N8-G0QJ67HS-5850UOTH},01/04/2010 07:26:19,DTAA/OHA0451,PC-1381,Logon
{G4K3-P6WO13HK-6127ZSOD},01/04/2010 07:26:39,DTAA/KBC0337,PC-1303,Logon
{U6N7-L7IV98KF-6013JKRR},01/04/2010 07:26:42,DTAA/WFH0909,PC-1631,Logon
{C1K6-G1MF81AF-1025KAMA},01/04/2010 07:26:56,DTAA/AGW0182,PC-4531,Logon
{S9P4-Z9TB79MA-1182AFMU},01/04/2010 07:26:58,DTAA/AGB0091,PC-1512,Logon
{W5R4-E4SK20LH-2847SXWK},01/04/2010 07:27:19,DTAA/ARB0100,PC-4584,Logon
{M9Q8-Y6IZ89UN-2377QXOC},01/04/2010 07:27:24,DTAA/BML0618,PC-0659,Logon
{N4A6-Y1OZ47RJ-4959KJKP},01/04/2010 07:27:24,DTAA/RCR0864,PC-1583,Logon
{J7Q3-J4RM45KN-0745PPXU},01/04/2010 07:27:24,DTAA/RJP0286,PC-0026,Logon
{C9H2-B6CH29GE-3012KPRW},01/04/2010 07:27:37,DTAA/ACH0803,PC-4334,Logon
{J1Q7-C7ZM08SE-0646BEYZ},01/04/2010 07:27:51,DTAA/NBB0501,PC-0457,Logon
{U8P3-B1DE42DM-8877STPA},01/04/2010 07:27:55,DTAA/TRT0979,PC-1846,Logon
{X2E4-L9EP68DD-4725IRSH},01/04/2010 07:28:18,DTAA/JJR0278,PC-1005,Logon
{K2E8-I1PK24CM-5515KZOO},01/04/2010 07:28:41,DTAA/CDZ0056,PC-4052,Logon
{H2C5-G8EW90HE-7528LKDY},01/04/2010 07:28:44,DTAA/DBG0686,PC-1575,Logon
{I7J4-B9EU95QR-4202XRGB},01/04/2010 07:28:44,DTAA/MXM0838,PC-4983,Logon
{K3N1-P7QP54BY-2191RQWA},01/04/2010 07:28:45,DTAA/TKH0211,PC-0719,Logon
{Z0B9-B6DM89CW-9879PWQC},01/04/2010 07:28:46,DTAA/QCD0829,PC-0386,Logon
{F7E8-P8WW93TW-2736ZOMI},01/04/2010 07:29:01,DTAA/SVC0175,PC-3384,Logon
{R8U5-S5YC85HV-4100OUVI},01/04/2010 07:29:27,DTAA/JGS0274,PC-4606,Logon
{V3F8-S3DF13WV-2282YJXA},01/04/2010 07:29:30,DTAA/CLK0383,PC-0419,Logon
{T8N3-J5PV59AO-5522CMCV},01/04/2010 07:29:32,DTAA/RDP0855,PC-2975,Logon
{O1Z0-G1HU24HN-4690KGFF},01/04/2010 07:29:38,DTAA/JXG0567,PC-3192,Logon
{J7F6-X3EF58TQ-1004ZMTQ},01/04/2010 07:30:02,DTAA/SLC0778,PC-3199,Logon
{L6B9-O0FL24QY-6458OHKW},01/04/2010 07:30:03,DTAA/ECG0753,PC-1669,Logon
{M6G3-K1TD08LC-8398TXEL},01/04/2010 07:30:07,DTAA/MST0883,PC-3200,Logon
{Z3O4-L6GT21BX-5936XBZF},01/04/2010 07:30:56,DTAA/CHS0324,PC-3251,Logon
{R9S6-N6GV08NA-1379MEQF},01/04/2010 07:31:15,DTAA/KRD0507,PC-3424,Logon
{G8G2-H3UL98NX-4693YYXM},01/04/2010 07:31:28,DTAA/MWJ0837,PC-3737,Logon
{Y8P0-U9AQ48JT-2983NHWZ},01/04/2010 07:31:46,DTAA/AFF0760,PC-2804,Logon
{L8R2-A4SU65AY-7464YANA},01/04/2010 07:32:00,DTAA/HBF0035,PC-0991,Logon
{P0L9-Q6EN75TE-5148RXBE},01/04/2010 07:32:03,DTAA/SBH0674,PC-4971,Logoff
{E3X3-P2KM33DQ-8965ERSW},01/04/2010 07:32:04,DTAA/PVH0124,PC-4738,Logon
{Y7M2-A7YN94MQ-1674PNFB},01/04/2010 07:32:08,DTAA/FLC0811,PC-1435,Logon
{F4V5-I3FJ06SV-6416SOIV},01/04/2010 07:32:09,DTAA/LND0767,PC-1646,Logon
{B9G7-I0AA74PI-2465VXKW},01/04/2010 07:32:09,DTAA/WOT0549,PC-0304,Logon
{O2H9-K0KH33UA-3602EMWC},01/04/2010 07:32:10,DTAA/JCC0998,PC-2843,Logon
{F7B3-S1FF20CV-3279IAJL},01/04/2010 07:32:36,DTAA/AJA0220,PC-3872,Logon
{R2W9-M5JC85EY-9473LXIZ},01/04/2010 07:32:45,DTAA/JAM0392,PC-0209,Logon
{H7W8-O0EN21GD-6607EWXH},01/04/2010 07:32:52,DTAA/MZW0111,PC-0698,Logon
{F7N2-I4MV94KZ-5924FGNF},01/04/2010 07:32:54,DTAA/LAT0452,PC-0256,Logon
{I9H7-P9NM50DN-8434ZYWT},01/04/2010 07:32:56,DTAA/OJH0425,PC-1730,Logon
{Q0J6-E9EQ78BL-9281RZPJ},01/04/2010 07:33:06,DTAA/LAW0437,PC-4474,Logon
{Y3D5-D5XF25RJ-6134VQZU},01/04/2010 07:33:08,DTAA/GRC0474,PC-4438,Logon
{Q4Z2-D1ZR03KH-3803ZPFD},01/04/2010 07:33:14,DTAA/DDW0643,PC-0912,Logon
{K8L0-J5IW31KX-0819FNUN},01/04/2010 07:33:19,DTAA/AJB0370,PC-0054,Logon
{R1D2-K4IM12EZ-7044EATM},01/04/2010 07:33:23,DTAA/CBB0075,PC-3548,Logon
{K7F0-D9IL47BB-7062FCSJ},01/04/2010 07:33:38,DTAA/JMP0200,PC-1226,Logon
{B6I3-C8CL50LY-4822JONS},01/04/2010 07:33:41,DTAA/WGL0515,PC-0417,Logon
{V3R9-D7MR37NM-5958ZEKN},01/04/2010 07:33:45,DTAA/OUS0565,PC-2171,Logon
{W7U6-G2CF42XA-8630JHAG},01/04/2010 07:33:57,DTAA/IMW0965,PC-1782,Logon
{D8E4-L9GB26HS-3480EQXH},01/04/2010 07:34:23,DTAA/GMF0571,PC-3588,Logon
{Z4O2-M6GM50XM-1132CMNJ},01/04/2010 07:34:29,DTAA/PJL0320,PC-1233,Logon
{S7S7-V7AF49ZS-7893VMKF},01/04/2010 07:34:43,DTAA/UGW0223,PC-3346,Logon
{O4U2-P3JS05DQ-5331MLBP},01/04/2010 07:34:44,DTAA/CPM0959,PC-1093,Logon
{W1Z9-R1NC42MY-3248VKBM},01/04/2010 07:34:58,DTAA/CGM0994,PC-3883,Logon
{I5L3-S2HW07CN-4627RTWS},01/04/2010 07:35:06,DTAA/JSH0598,PC-0563,Logon
{V8X1-O8DC95ZU-5797NKGV},01/04/2010 07:35:09,DTAA/LBD0946,PC-3295,Logon
{Y7U1-B7PK54RS-0009MAKG},01/04/2010 07:35:10,DTAA/CGT0183,PC-3569,Logon
{U2N1-U7OV85SL-4159MWXD},01/04/2010 07:35:29,DTAA/DAW0123,PC-3401,Logon
{P6F8-L8AN16AR-9401EOOA},01/04/2010 07:35:29,DTAA/NDH0524,PC-0379,Logon
{N5T4-M3ZM56AK-8473RTUK},01/04/2010 07:35:31,DTAA/JMS0793,PC-3179,Logon
{Y9C9-J1RF58KR-6872VHFP},01/04/2010 07:35:34,DTAA/KAG0880,PC-4400,Logon
{V3T0-O9CG01YR-7630LDYC},01/04/2010 07:35:35,DTAA/BCR0547,PC-1588,Logon
{B6W7-T4OY30TH-7442KRWV},01/04/2010 07:35:35,DTAA/MND0675,PC-4228,Logon
{J9L1-Q0BG65WU-7545CKYI},01/04/2010 07:35:39,DTAA/CDK0329,PC-1183,Logon
{V8Q8-K2KA14RT-2406IBYP},01/04/2010 07:35:46,DTAA/BAB0505,PC-0939,Logon
{S1F2-K6DK91GS-4876MYEQ},01/04/2010 07:35:53,DTAA/RCF0540,PC-1493,Logon
{G6V0-I9GQ46DY-4311DBTY},01/04/2010 07:36:03,DTAA/RZW0369,PC-0825,Logon
{N1S2-Y2WT67QR-7684GYGM},01/04/2010 07:36:05,DTAA/SMD0773,PC-1075,Logon
{G2Z4-N6TE19HG-1466PUDO},01/04/2010 07:36:08,DTAA/LMJ0323,PC-2875,Logon
{M4Q2-A1TY58BQ-0561YOLW},01/04/2010 07:36:09,DTAA/SWM0768,PC-0942,Logon
{G8C4-Y6FL32KI-2303AYNM},01/04/2010 07:36:09,DTAA/ANS0172,PC-2718,Logon
{W5U7-G5HW02QU-6022XONZ},01/04/2010 07:36:14,DTAA/AFO0022,PC-2218,Logon
{J8S4-V9GS52GK-0082HIIS},01/04/2010 07:36:27,DTAA/IAC0264,PC-0445,Logon
{Z5R1-Y8OV08QA-1314ITBD},01/04/2010 07:36:28,DTAA/KAD0059,PC-4031,Logon
{P4Y4-L2LQ15TO-2104AXMG},01/04/2010 07:36:34,DTAA/GDJ0631,PC-4239,Logon
{P4H0-C5CG96SL-0694XIVB},01/04/2010 07:36:42,DTAA/QAM0113,PC-0094,Logon
{D3B1-R9YE97EX-9857GSAD},01/04/2010 07:36:42,DTAA/FES0933,PC-2567,Logon
{G2W1-I3MO25GB-1117YIOT},01/04/2010 07:36:48,DTAA/SJC0487,PC-0996,Logon
{X1K7-J6QI34RW-8767WCET},01/04/2010 07:36:54,DTAA/PRH0825,PC-0921,Logon
{B7Y7-C3VD25BV-0649UKOJ},01/04/2010 07:37:04,DTAA/SJB0751,PC-4002,Logon
{U9J1-C5WO21FW-1205FEYO},01/04/2010 07:37:06,DTAA/MCR0375,PC-0281,Logon
{X0A3-V2AI69VM-4500KZAK},01/04/2010 07:37:08,DTAA/IHF0040,PC-4092,Logon
{J6P5-X8JK41JZ-1748HMGK},01/04/2010 07:37:22,DTAA/JJB0720,PC-0305,Logon
{R1U6-E4US34HO-1063CXSQ},01/04/2010 07:37:24,DTAA/KIN0073,PC-3757,Logon
{G6T5-E5GY64XY-0588ADBT},01/04/2010 07:37:25,DTAA/CGM0343,PC-3039,Logon
{M1F6-Q6QW73OE-1827GPZI},01/04/2010 07:37:27,DTAA/CKW0622,PC-4507,Logon
{B9C2-F3LT87TV-8141EGWL},01/04/2010 07:37:37,DTAA/MGB0728,PC-2929,Logon
{B8C6-C3FA30PC-5328LUHC},01/04/2010 07:37:45,DTAA/IMB0473,PC-4682,Logon
{A6N9-D5VK97CX-7245PVFQ},01/04/2010 07:37:50,DTAA/AAA0371,PC-1689,Logon
{W3R8-I8MQ81FV-0916DPWE},01/04/2010 07:37:50,DTAA/HJP0784,PC-0028,Logon
{R1N0-V3RK64IQ-5143WFKJ},01/04/2010 07:37:58,DTAA/NDM0893,PC-0322,Logon
{D0S0-W0VH50QT-5543OSDO},01/04/2010 07:37:58,DTAA/MRL0518,PC-2827,Logon
{N5F6-L5XC10CJ-5149BZNR},01/04/2010 07:38:08,DTAA/DAR0341,PC-0718,Logon
{Z1B7-U0MQ73ZE-6080ROJJ},01/04/2010 07:38:12,DTAA/ZKE0662,PC-0434,Logon
{M9L3-R1YK46GV-4615YPWF},01/04/2010 07:38:15,DTAA/CCB0366,PC-3560,Logon
{O1W9-N3HY60KU-9773TJRP},01/04/2010 07:38:18,DTAA/KKW0945,PC-2333,Logon
{X1T8-H7IT29QM-4205HPFY},01/04/2010 07:38:20,DTAA/DRM0312,PC-2580,Logon
{F0D6-F1ZE60DC-9821EJCR},01/04/2010 07:38:30,DTAA/CMC0814,PC-2160,Logon
{M7H3-N5MP34UL-7396FVJI},01/04/2010 07:38:31,DTAA/SHS0608,PC-1394,Logon
{E7W6-D7PZ16CT-2698FENB},01/04/2010 07:38:32,DTAA/ALC0244,PC-3992,Logon
{D7F0-N0VO35RA-7554HNGN},01/04/2010 07:38:33,DTAA/MIK0034,PC-0845,Logon
{O6P0-F7NZ80FT-4045YPGX},01/04/2010 07:38:41,DTAA/AJN0804,PC-0585,Logon
{R7V2-S8CJ32GP-5433HADI},01/04/2010 07:38:46,DTAA/MQL0135,PC-4656,Logon
{W3L5-P6FV68TX-5179HREP},01/04/2010 07:38:49,DTAA/BKM0116,PC-3391,Logon
{Z2W0-J8LA66AN-5306AQNG},01/04/2010 07:38:55,DTAA/NBT0479,PC-2462,Logon
{B8E4-W7BR25HJ-3225DWQL},01/04/2010 07:39:14,DTAA/CEB0718,PC-3656,Logon
{R8Q6-K4YU61YD-4439DKID},01/04/2010 07:39:16,DTAA/ATJ0284,PC-4337,Logon
{U0Y4-V6ZM90NG-4287NPGW},01/04/2010 07:39:19,DTAA/ACL0865,PC-0124,Logon
{C4Q6-G9JW46WR-5038KRNU},01/04/2010 07:39:29,DTAA/HDB0655,PC-2605,Logon
{G6I3-I7YQ08VL-5893MCPE},01/04/2010 07:39:35,DTAA/USB0641,PC-1302,Logon
{K1Z5-A2HC84RS-1078EVDI},01/04/2010 07:39:37,DTAA/HKO0796,PC-1069,Logon
{E2O4-C3WF84SZ-2030IXPI},01/04/2010 07:39:42,DTAA/SAE0683,PC-0827,Logon
{V3R5-Z5GF73UL-9192INQL},01/04/2010 07:39:48,DTAA/SHT0953,PC-1822,Logon
{F5V5-R6PE80ZJ-6254TAOV},01/04/2010 07:39:48,DTAA/NNB0443,PC-4625,Logon
{D9M2-M1CJ46JW-4098KJDU},01/04/2010 07:39:52,DTAA/YCB0967,PC-0799,Logon
{P8A1-S2QO58AT-2244CJDM},01/04/2010 07:40:53,DTAA/MVW0630,PC-2005,Logon
{Y0C6-W5GW68JH-2559FPXI},01/04/2010 07:41:06,DTAA/MHM0988,PC-4093,Logon
{H9O7-N4ZY55DV-8026TWVI},01/04/2010 07:41:08,DTAA/EAR0695,PC-4039,Logon
{H3X1-T6NC07OO-2708MRUL},01/04/2010 07:41:11,DTAA/PVW0713,PC-4069,Logon
{H4T6-B3FN74DR-7540QFVS},01/04/2010 07:41:17,DTAA/RDH0117,PC-2188,Logon
{F8S7-R0MR60TM-4287FNSR},01/04/2010 07:41:29,DTAA/HIP0929,PC-3338,Logon
{S4W9-L6JX75PS-9343KCMS},01/04/2010 07:41:32,DTAA/OJG0866,PC-2583,Logon
{E2Q1-E0FX98QE-3348XGLP},01/04/2010 07:41:48,DTAA/HKG0503,PC-0131,Logon
{Z4F2-G0ON79HP-8245TTGH},01/04/2010 07:41:50,DTAA/MJM0469,PC-1592,Logon
{F7K1-C3PV39MI-7496LBLQ},01/04/2010 07:42:05,DTAA/CVW0133,PC-0282,Logon
{D8A3-W4LL38WS-0516RYQO},01/04/2010 07:42:11,DTAA/MVL0885,PC-0196,Logon
{T3D4-V4RY52MY-1023YZMP},01/04/2010 07:42:17,DTAA/DCC0600,PC-4072,Logon
{V5W2-Q0GU58QA-4526WLBH},01/04/2010 07:42:19,DTAA/BLB0079,PC-1320,Logon
{F1N4-C2DP98LU-1936KRRM},01/04/2010 07:42:27,DTAA/PRB0568,PC-0080,Logon
{R0M4-I0VP06AG-0807GXQM},01/04/2010 07:42:39,DTAA/OSH0281,PC-2027,Logon
{P1O5-Y5LF53WY-5296WENI},01/04/2010 07:42:42,DTAA/BIM0736,PC-2520,Logon
{D0Y1-D1PG56MR-4062HXDX},01/04/2010 07:42:50,DTAA/VFP0669,PC-1717,Logon
{I4D5-C3FM59ZY-6312DZBK},01/04/2010 07:43:01,DTAA/GMS0949,PC-0240,Logon
{D3I8-L9WI34OG-0756VGEX},01/04/2010 07:43:04,DTAA/QNC0832,PC-0711,Logon
{X2N8-C7LW17AM-4444BLII},01/04/2010 07:43:09,DTAA/JZV0159,PC-0381,Logon
{Z1G7-E7DE90FX-6247CKJU},01/04/2010 07:43:11,DTAA/LAL0170,PC-2598,Logon
{X0S9-K3RC50JT-8315BOBW},01/04/2010 07:43:22,DTAA/MCM0346,PC-2974,Logon
{F1E6-A8MY38KO-8582ILLE},01/04/2010 07:43:27,DTAA/LBC0422,PC-1535,Logon
{Y0R9-M5MC83JV-3272GAMR},01/04/2010 07:43:32,DTAA/DBF0903,PC-2783,Logon
{R7J4-D6NI04YR-7006QGRK},01/04/2010 07:43:35,DTAA/JRP0458,PC-4705,Logon
{U6I3-X5PK49IK-8653PFEX},01/04/2010 07:43:49,DTAA/RKD0255,PC-2236,Logon
{Y1P4-S8HF20PC-1301CYMQ},01/04/2010 07:43:50,DTAA/CBR0439,PC-4135,Logon
{K2E7-P9YM15FO-8038AWRF},01/04/2010 07:44:00,DTAA/JMR0906,PC-1037,Logon
{R9Q9-O2JV55YP-9095NIQD},01/04/2010 07:44:18,DTAA/CSD0739,PC-3393,Logon
{C7Q9-H5YG32GS-6055GYMU},01/04/2010 07:44:32,DTAA/BPB0808,PC-0969,Logon
{T5F4-I6SZ44QI-5435LOJI},01/04/2010 07:44:35,DTAA/JDR0685,PC-2507,Logon
{M6A0-S8ZE57PJ-2951NFPR},01/04/2010 07:44:35,DTAA/KSB0673,PC-0847,Logon
{U2H9-A8GE49KB-7896ZZPI},01/04/2010 07:44:53,DTAA/ERP0254,PC-3959,Logon
{W8T0-G6BQ50HD-1549CWWU},01/04/2010 07:45:01,DTAA/AFG0122,PC-4492,Logon
{Z2R1-B6AR49MI-6101JABX},01/04/2010 07:45:02,DTAA/SKH0467,PC-1582,Logon
{L0V9-D0HO44JL-4445AFAQ},01/04/2010 07:45:12,DTAA/AMM0661,PC-1628,Logon
{F5V3-Y0EV30FR-8626NFIK},01/04/2010 07:45:25,DTAA/DEP0563,PC-4319,Logon
{N0V0-W1UU89XV-9980ALFU},01/04/2010 07:45:28,DTAA/KLS0717,PC-3136,Logon
{V2P2-I1QT83BY-0622UYIF},01/04/2010 07:45:33,DTAA/BBM0499,PC-4683,Logon
{V6C7-B6GP15BB-3582LZVA},01/04/2010 07:45:48,DTAA/BTW0973,PC-4462,Logon
{K8U9-T6NX72HC-5625YZMS},01/04/2010 07:45:52,DTAA/TPC0102,PC-1945,Logon
{H7X9-G8ME12OW-8411PYNI},01/04/2010 07:45:58,DTAA/IIR0475,PC-0231,Logon
{U2F3-V8BY16GO-6637HDUA},01/04/2010 07:46:06,DTAA/SSH0085,PC-0903,Logon
{Z8V5-C7AW32SF-8951AIVX},01/04/2010 07:46:06,DTAA/GBR0420,PC-4664,Logon
{H0A3-D4PZ47TZ-1007RTSC},01/04/2010 07:46:14,DTAA/ZCH0336,PC-2554,Logon
{O8L6-D8DV43YF-3245SYHP},01/04/2010 07:46:37,DTAA/VCG0663,PC-2219,Logon
{J4L0-Q6CU91QZ-1919BTXU},01/04/2010 07:46:45,DTAA/SCJ0498,PC-3235,Logon
{N9H7-U9AW54AJ-0902EVEP},01/04/2010 07:46:48,DTAA/ALW0250,PC-3904,Logon
{Y9H1-E4AA57NP-7922WRLX},01/04/2010 07:46:51,DTAA/RQH0770,PC-4225,Logon
{E7I1-P2SO64BW-5719FTKM},01/04/2010 07:47:12,DTAA/AJM0302,PC-3902,Logon
{C7A8-Q4MR75QL-0786XWKK},01/04/2010 07:47:12,DTAA/CAH0921,PC-3582,Logon
{A0P0-O6RU44BI-2651ANUC},01/04/2010 07:47:25,DTAA/PKM0411,PC-0224,Logon
{Y4K5-A0IL67KQ-1229VYDC},01/04/2010 07:47:30,DTAA/SKP0270,PC-0101,Logon
{H1X0-M7MM85PY-9888FIED},01/04/2010 07:47:39,DTAA/XCB0445,PC-2710,Logon
{R9S3-Y5DH16YY-9589YYPV},01/04/2010 07:47:44,DTAA/ARS0993,PC-2033,Logon
{W6U7-A8WK42KE-8913ZYOK},01/04/2010 07:47:49,DTAA/NJM0476,PC-3983,Logon
{U1R6-H4AE69PJ-2844QCQQ},01/04/2010 07:47:59,DTAA/FJC0138,PC-4335,Logon
{T8I2-W2EX74KG-0852MECT},01/04/2010 07:48:04,DTAA/IAH0822,PC-3293,Logon
{R8Q1-B8VC58ZY-7327SYSZ},01/04/2010 07:48:10,DTAA/RVM0826,PC-1914,Logon
{V4D8-Z8QK90OX-0471OAOB},01/04/2010 07:48:11,DTAA/TGC0670,PC-4332,Logon
{W0Q8-Z0EL05AU-5191VUOO},01/04/2010 07:48:16,DTAA/TZB0870,PC-2534,Logon
{U4E2-P1DD54CW-7038BIIR},01/04/2010 07:48:20,DTAA/JMR0955,PC-1213,Logon
{V1T1-T1EU48HX-3852YPAF},01/04/2010 07:48:27,DTAA/AMS0897,PC-0508,Logon
{M6K6-T2OV22DW-4099QKJW},01/04/2010 07:48:52,DTAA/AMM0340,PC-0831,Logon
{M4I9-I1KZ62NM-9430SBXT},01/04/2010 07:49:06,DTAA/SML0086,PC-1586,Logon
{H1F2-D7JQ03DL-6334VFSK},01/04/2010 07:49:25,DTAA/JHM0408,PC-2344,Logon
{T1R8-R2EC36YT-5134ZMCX},01/04/2010 07:49:44,DTAA/FCG0115,PC-0472,Logon
{B0H7-J4DR34NN-4855XYIF},01/04/2010 07:50:05,DTAA/MED0748,PC-1212,Logon
{A3R6-E0FO32GQ-9962DCSJ},01/04/2010 07:50:08,DTAA/VMM0309,PC-0574,Logon
{Y1P3-N7OA72PE-6660WPCU},01/04/2010 07:50:09,DTAA/ARS0993,PC-2033,Logoff
{S5L9-W9SW49NU-8021KGLY},01/04/2010 07:50:11,DTAA/RLE0844,PC-3714,Logon
{T8M4-N7GF38OB-4159VJSS},01/04/2010 07:50:11,DTAA/RDG0350,PC-3040,Logon
{T5H2-T1PP58QN-6141XAYJ},01/04/2010 07:50:14,DTAA/ARR0977,PC-1074,Logon
{H6P9-F9TV84PS-0928MPYC},01/04/2010 07:50:14,DTAA/FDP0500,PC-4873,Logon
{R9Q5-D5AS81VP-0371QGBU},01/04/2010 07:50:16,DTAA/MCM0090,PC-1436,Logon
{G4A4-K3HI61FI-9255TSBW},01/04/2010 07:50:24,DTAA/ASR0539,PC-3622,Logon
{C9J8-S0DG33EX-9684THHW},01/04/2010 07:50:29,DTAA/EDC0357,PC-0478,Logon
{P8I3-F3VJ92FF-4569MGZP},01/04/2010 07:50:30,DTAA/BIR0534,PC-1834,Logon
{L6F3-X2JX99EK-2236HDIO},01/04/2010 07:50:34,DTAA/MVP0572,PC-3653,Logon
{H1H9-I5IL76RX-1902XTST},01/04/2010 07:50:34,DTAA/TEG0502,PC-4566,Logon
{S6X3-V7OK51OL-9621YEDJ},01/04/2010 07:50:45,DTAA/SJC0735,PC-3261,Logon
{W9C4-U6RC39AB-4868MUDF},01/04/2010 07:50:49,DTAA/JLC0711,PC-3462,Logon
{L3V6-U9PQ57EA-1435LOED},01/04/2010 07:50:50,DTAA/DIS0382,PC-2501,Logon
{Y4E8-O2DX63UW-8827EYMP},01/04/2010 07:50:51,DTAA/SAP0304,PC-1331,Logon
{V6A4-G8HJ41OJ-2215ZPWS},01/04/2010 07:50:53,DTAA/TRP0068,PC-0666,Logon
{C0V6-A1UI77SD-5536PGSB},01/04/2010 07:50:57,DTAA/GTJ0243,PC-1337,Logon
{E4Z8-P3IU18AV-3791XEBJ},01/04/2010 07:51:02,DTAA/RLS0935,PC-0300,Logon
{P3V7-N4XS30PM-3209JARS},01/04/2010 07:51:06,DTAA/GYT0279,PC-2791,Logon
{I6T6-M3HQ91BL-6911JSXC},01/04/2010 07:51:09,DTAA/SDC0032,PC-3081,Logon
{R2P5-D1BQ68SU-8792HXJJ},01/04/2010 07:51:12,DTAA/QGM0222,PC-1214,Logon
{Y0V1-W1HH40MY-0859PKFR},01/04/2010 07:51:12,DTAA/HCJ0171,PC-0149,Logon
{U9S1-B3NO39QR-2607IEFS},01/04/2010 07:51:14,DTAA/EKB0587,PC-0136,Logon
{L0P2-A3EX29NJ-6528WSZB},01/04/2010 07:51:17,DTAA/ASS0824,PC-4842,Logon
{M0L4-U9YL85NP-6229ASVP},01/04/2010 07:51:17,DTAA/MSH0322,PC-1066,Logon
{M3M9-I9CC54AZ-9967CCXE},01/04/2010 07:51:23,DTAA/YCB0005,PC-3392,Logon
{A9C7-Z2LC79LU-1317DIOZ},01/04/2010 07:51:26,DTAA/WTA0867,PC-1522,Logon
{N7R2-X9OQ53VL-6691XQTO},01/04/2010 07:51:27,DTAA/JBS0483,PC-4011,Logon
{X4B8-U5ZI95OE-7197QIJC},01/04/2010 07:51:27,DTAA/BGV0046,PC-3080,Logon
{U9S5-Y8TA59AZ-9754SCIX},01/04/2010 07:51:28,DTAA/TUA0298,PC-3426,Logon
{G0C9-Z9KS65VM-1102STOU},01/04/2010 07:51:35,DTAA/SKW0871,PC-1529,Logon
{A8O7-P1IZ16YH-9729OOIG},01/04/2010 07:51:41,DTAA/TPC0102,PC-4465,Logon
{F6E2-L0ZM87PV-7858QYZU},01/04/2010 07:51:42,DTAA/RIG0024,PC-3418,Logon
{L9O2-A7DC50PF-8406UTKK},01/04/2010 07:51:48,DTAA/CMU0028,PC-4253,Logon
{X1N9-N2DU43CL-1648ZHBH},01/04/2010 07:51:51,DTAA/ABD0833,PC-1771,Logon
{S7Y1-L2CB10KW-6891VQTW},01/04/2010 07:51:54,DTAA/KGC0456,PC-4369,Logon
{V1A2-N4WU12XO-2825OOGK},01/04/2010 07:51:57,DTAA/RXE0207,PC-0650,Logon
{M3W8-A6QJ23KM-0356AEHE},01/04/2010 07:51:58,DTAA/HRK0729,PC-2210,Logon
{H1K1-O0XE99ZK-5123UAVO},01/04/2010 07:51:59,DTAA/TSM0130,PC-0633,Logon
{M2H1-X7PS40TP-1773BMMK},01/04/2010 07:52:02,DTAA/ARS0993,PC-3965,Logon
{M3M2-X1EH11ST-4899ZMKE},01/04/2010 07:52:02,DTAA/SLM0589,PC-2346,Logon
{A8U6-C9SE87AQ-8242FSNZ},01/04/2010 07:52:05,DTAA/SJA0691,PC-3231,Logon
{O7R2-E7KB99RI-6716YZHI},01/04/2010 07:52:08,DTAA/GDG0184,PC-1808,Logon
{O3U4-L5LU89IJ-2213ZAVC},01/04/2010 07:52:08,DTAA/DJC0162,PC-3232,Logon
{A8Z3-M5UX58OU-0272ZFWO},01/04/2010 07:52:08,DTAA/ESB0080,PC-2529,Logon
{L5Q1-D3HR36DF-2380ORFF},01/04/2010 07:52:10,DTAA/KJG0378,PC-4895,Logon
{Q4E0-C5PF51GG-8974HIYP},01/04/2010 07:52:11,DTAA/MJP0603,PC-4040,Logon
{J7K1-F8DO04QI-9644OSYI},01/04/2010 07:52:11,DTAA/FMF0197,PC-2601,Logon
{J6I5-U2YC06PW-3840TZLF},01/04/2010 07:52:14,DTAA/AHD0147,PC-2753,Logon
{F4D5-L7AN87BS-4387WHOI},01/04/2010 07:52:20,DTAA/HRT0737,PC-0002,Logon
{B7Z2-Z0VZ32UH-9007ODJP},01/04/2010 07:52:22,DTAA/LJR0772,PC-3780,Logon
{S5U0-B8VQ82TZ-3360KKAY},01/04/2010 07:52:29,DTAA/ASO0023,PC-3990,Logon
{Q3E5-S3GC93YV-8637CMCS},01/04/2010 07:52:32,DTAA/DCF0307,PC-2881,Logon
{B5G7-P7ZE26DQ-2527ASFO},01/04/2010 07:52:40,DTAA/AAR0508,PC-1469,Logon
{U6A1-Z1OO32YF-9918VQPR},01/04/2010 07:52:44,DTAA/AGF0088,PC-3721,Logon
{Z0B4-N6EQ93BK-3520NKZA},01/04/2010 07:52:45,DTAA/WBW0591,PC-0249,Logon
{N2A4-P2VD19KT-3436LEBD},01/04/2010 07:52:48,DTAA/EWR0504,PC-4580,Logon
{F2E2-J2YA38AJ-7942HCNA},01/04/2010 07:52:49,DTAA/BAH0774,PC-4573,Logon
{Q8S8-S1HX00NE-5157LLIV},01/04/2010 07:52:51,DTAA/LCG0546,PC-0030,Logon
{Q8G7-V1ME18VX-8304TFZP},01/04/2010 07:52:54,DTAA/UAD0165,PC-1441,Logon
{E0V7-U8BK20EH-3526HAHL},01/04/2010 07:53:00,DTAA/CTR0537,PC-1160,Logon
{D0B4-U7SB40YZ-0526SAMK},01/04/2010 07:53:00,DTAA/DJW0368,PC-2518,Logon
{U5V2-V8LT26RW-4742YIKO},01/04/2010 07:53:01,DTAA/AQG0678,PC-1127,Logon
{B7R8-J6AK96MA-3807ZWKU},01/04/2010 07:53:07,DTAA/MDT0356,PC-0029,Logon
{H4B4-O3RY43PI-9696OHFV},01/04/2010 07:53:08,DTAA/KKT0039,PC-4115,Logon
{H5J7-U9WR18IS-2884GAHY},01/04/2010 07:53:09,DTAA/JRM0902,PC-0517,Logon
{Q2K6-P4FI42GZ-2875PVDB},01/04/2010 07:53:09,DTAA/SAS0601,PC-0262,Logon
{R2O0-W6NO51GW-2116RBVL},01/04/2010 07:53:13,DTAA/HAS0430,PC-4046,Logon
{L4Z2-Y6KO43ZQ-7262FUWI},01/04/2010 07:53:14,DTAA/SIR0586,PC-2044,Logon
{P0D9-D0QS34VP-0204CEMW},01/04/2010 07:53:15,DTAA/CSB0363,PC-4890,Logon
{Y3Z5-Z9OG84RQ-5228IBDT},01/04/2010 07:53:18,DTAA/ASP0799,PC-0560,Logon
{P7S8-C6WW83RZ-0379IMBD},01/04/2010 07:53:24,DTAA/SPK0818,PC-1938,Logon
{U2X4-I4TY07SI-5640HCBP},01/04/2010 07:53:25,DTAA/HCP0315,PC-3058,Logon
{D8F6-B8WM02OU-9720NGXL},01/04/2010 07:53:25,DTAA/CGH0125,PC-3257,Logon
{B8S9-J9TT69YY-5246XIVJ},01/04/2010 07:53:28,DTAA/RKC0733,PC-2354,Logon
{X5M0-F0WE35DV-8533QUPU},01/04/2010 07:53:36,DTAA/ROC0257,PC-4759,Logon
{I7E5-T3UQ21SL-8229QJBS},01/04/2010 07:53:37,DTAA/MKG0273,PC-1174,Logon
{G4V2-W5JP20TK-5161LQUK},01/04/2010 07:53:39,DTAA/KTC0285,PC-2121,Logon
{L6X7-X2NE94NM-0259ORJY},01/04/2010 07:53:39,DTAA/ABL0836,PC-4639,Logon
{Y6I3-E7ZF19DU-9134SSEQ},01/04/2010 07:53:42,DTAA/MPA0136,PC-3675,Logon
{B2G6-P1EL81LY-1607ESVS},01/04/2010 07:53:48,DTAA/KPS0299,PC-3726,Logon
{B4F7-Z2JR24FX-8187IPNQ},01/04/2010 07:53:52,DTAA/ARF0269,PC-0376,Logon
{V8Y6-O8TP71UO-9753DSPT},01/04/2010 07:53:54,DTAA/EOS0972,PC-4981,Logon
{J3H2-X8UF42QP-1111EMJL},01/04/2010 07:53:56,DTAA/UBB0186,PC-1740,Logon
{L5L1-U2GD22NQ-6293BHWU},01/04/2010 07:53:57,DTAA/BSG0869,PC-0245,Logon
{B8U2-J5JU04TL-5393ESHX},01/04/2010 07:53:58,DTAA/VUF0522,PC-3818,Logon
{O8I7-E8SE51KO-4511JTLQ},01/04/2010 07:53:58,DTAA/LVC0027,PC-1310,Logon
{H6O6-C6EZ20DY-3752SWWQ},01/04/2010 07:54:01,DTAA/ASC0132,PC-2960,Logon
{O2J0-K8WR05MR-2491ZGIJ},01/04/2010 07:54:02,DTAA/DLM0723,PC-0290,Logon
{L9N5-S8BL34PD-7477XZKS},01/04/2010 07:54:03,DTAA/APC0769,PC-0530,Logon
{F0M2-J9YA91CK-3619BGEH},01/04/2010 07:54:06,DTAA/CTH0856,PC-4677,Logon
{B4D8-M4ZA60QC-1792WXEC},01/04/2010 07:54:11,DTAA/VIR0488,PC-0198,Logon
{N9B6-V8AK66ZD-6911JZRT},01/04/2010 07:54:13,DTAA/NMC0251,PC-0318,Logon
{D5Q5-V4AT87FA-7938GXNQ},01/04/2010 07:54:19,DTAA/BDH0038,PC-0877,Logon
{L6W1-V3VS45AJ-3125KEIU},01/04/2010 07:54:22,DTAA/JCL0752,PC-4681,Logon
{J5N9-K6CS92DQ-2925EAWL},01/04/2010 07:54:25,DTAA/JAH0544,PC-4081,Logon
{L7F4-A6OQ59HI-7003SBHD},01/04/2010 07:54:27,DTAA/BZM0434,PC-4720,Logon
{L7Z4-R0ES39CV-4825BUOQ},01/04/2010 07:54:33,DTAA/CAV0757,PC-4872,Logon
{N0E2-W3SF87MJ-8323DBCL},01/04/2010 07:54:40,DTAA/ARM0416,PC-1249,Logon
{T8V4-L6PL51RR-4046NBQE},01/04/2010 07:54:43,DTAA/PSP0555,PC-0017,Logon
{N7J0-V2CN19YP-0888MBBF},01/04/2010 07:54:43,DTAA/XKR0971,PC-1355,Logon
{K0L2-T1PD81ER-1821OYSN},01/04/2010 07:54:53,DTAA/EDW0137,PC-1300,Logon
{F0P9-O5LD48LR-3153PDLC},01/04/2010 07:54:55,DTAA/KMC0840,PC-4658,Logon
{V8I9-M2UH08AK-7649ZRCE},01/04/2010 07:54:56,DTAA/JAD0531,PC-0578,Logon
{A7H5-Z1SM03HJ-8116TMCK},01/04/2010 07:55:01,DTAA/AMM0830,PC-2202,Logon
{F7G1-B5SP32QV-1496TPEO},01/04/2010 07:55:06,DTAA/GHB0863,PC-2847,Logon
{G8L2-O5VB15EO-1821DURG},01/04/2010 07:55:06,DTAA/KEE0997,PC-3083,Logon
{L0Y7-T5NB51RA-4419DXQU},01/04/2010 07:55:16,DTAA/MSK0862,PC-3506,Logon
{T8Z8-Y3SN49IR-8695ROTK},01/04/2010 07:55:17,DTAA/LID0942,PC-3769,Logon
{X5G4-P4OD78AR-2941NCIZ},01/04/2010 07:55:31,DTAA/CHM0645,PC-1775,Logon
{Z3N0-F1WP54YN-8641KSGZ},01/04/2010 07:55:32,DTAA/ARK0026,PC-2707,Logon
{R4X0-P7DA85PH-5468CJVR},01/04/2010 07:55:36,DTAA/BNM0353,PC-0237,Logon
{Q4B8-J1HA84MA-7772FXIX},01/04/2010 07:55:45,DTAA/HCR0525,PC-3993,Logon
{F9W7-N1PB20MB-2121CSFV},01/04/2010 07:55:45,DTAA/LRH0747,PC-2216,Logon
{L9O6-S4HI57AJ-2226KLSG},01/04/2010 07:55:52,DTAA/BAE0444,PC-3270,Logon
{M1V6-X9CD92QT-1510TDOS},01/04/2010 07:56:06,DTAA/FCT0552,PC-3545,Logon
{S3Q8-X3ZP05PM-0845TVBC},01/04/2010 07:56:24,DTAA/LDB0961,PC-4678,Logon
{F0O2-R4EB95EP-7872OVKT},01/04/2010 07:56:26,DTAA/IMF0700,PC-2651,Logon
{U7R5-I4FQ24GX-0884ZTXZ},01/04/2010 07:56:27,DTAA/SSV0560,PC-1609,Logon
{P4R9-L7HF73NJ-8408BKJP},01/04/2010 07:56:30,DTAA/END0616,PC-2108,Logon
{N5Z9-N3NA32QD-8382LUKM},01/04/2010 07:56:31,DTAA/KNC0403,PC-4475,Logon
{H3S7-V3MP64FG-8965SUOR},01/04/2010 07:56:36,DTAA/RJW0590,PC-3471,Logon
{E4S1-X4DQ03UE-4863ZOFA},01/04/2010 07:56:40,DTAA/TCR0218,PC-0655,Logon
{J3A2-D6MG96OW-7666FQKN},01/04/2010 07:56:41,DTAA/BCM0558,PC-3916,Logon
{Y4B0-N6MS87VZ-2724OKBL},01/04/2010 07:56:48,DTAA/SLG0008,PC-1682,Logon
{E8A9-G1YZ90RE-7059WIMT},01/04/2010 07:56:53,DTAA/ALS0087,PC-2643,Logon
{E7N6-M7JC01KJ-5874KZQB},01/04/2010 07:56:56,DTAA/EMM0782,PC-3643,Logon
{Y8K6-X9SP41TE-9540LDNA},01/04/2010 07:56:57,DTAA/NEP0644,PC-1494,Logon
{R1C7-T2FI11AP-8484LDXH},01/04/2010 07:56:58,DTAA/NMR0621,PC-3148,Logon
{L3T0-V5XU56VG-1379VKGR},01/04/2010 07:57:02,DTAA/AFN0918,PC-3425,Logon
{N4G9-N7TY25OA-7777MNCO},01/04/2010 07:57:03,DTAA/SOG0461,PC-4563,Logon
{Z3P1-Z0RN80VC-8536MNCB},01/04/2010 07:57:03,DTAA/JPP0841,PC-2761,Logon
{I8K2-N6QB20LW-3452SMQP},01/04/2010 07:57:07,DTAA/CDS0110,PC-4367,Logon
{K0D0-A2RN60ZY-1702IJNX},01/04/2010 07:57:10,DTAA/KPB0665,PC-4755,Logon
{E2T9-A1GB51YO-6055DCBM},01/04/2010 07:57:17,DTAA/QGF0292,PC-4358,Logon
{P6O9-G3SV33II-2509HMDJ},01/04/2010 07:57:22,DTAA/HER0860,PC-1902,Logon
{M8B0-V6QU74UT-5031CBQS},01/04/2010 07:57:24,DTAA/VAP0168,PC-2033,Logon
{Z7G8-E5DA66YJ-7754JQQG},01/04/2010 07:57:29,DTAA/SHR0025,PC-0288,Logon
{F0K8-D1CM62HA-5244DQXT},01/04/2010 07:57:35,DTAA/JLV0465,PC-1637,Logon
{Z5B8-B0TD46WS-0115OTAI},01/04/2010 07:57:39,DTAA/EMZ0196,PC-1479,Logon
{U0S6-U4QW57LE-1741VMVO},01/04/2010 07:57:40,DTAA/HWG0148,PC-4448,Logon
{L0G5-N9SI10GW-9298EIHL},01/04/2010 07:57:41,DTAA/ABB0272,PC-0726,Logon
{I7H8-D7AT81MN-8813AHEZ},01/04/2010 07:57:49,DTAA/LGV0288,PC-2749,Logon
{N7E1-S4HR55OV-6808HUQH},01/04/2010 07:57:56,DTAA/LTM0418,PC-4820,Logon
{W2Q0-W0CH87AF-2631HZIE},01/04/2010 07:58:00,DTAA/ARR0878,PC-0266,Logon
{A4W3-H5NU91WY-5961XHUR},01/04/2010 07:58:03,DTAA/IAG0152,PC-3521,Logon
{I7N4-Z4TY28CC-3719CHLL},01/04/2010 07:58:05,DTAA/ZAB0889,PC-2844,Logon
{I9W1-F0RE82BS-8678ZAWE},01/04/2010 07:58:11,DTAA/BLS0098,PC-1776,Logon
{S1P8-P5NK40KI-3390BGNK},01/04/2010 07:58:11,DTAA/MLC0238,PC-2222,Logon
{Q7P4-S1PW31WE-2001WZIM},01/04/2010 07:58:11,DTAA/BBP0623,PC-3160,Logon
{V5M7-O9XP41RT-2430GEZQ},01/04/2010 07:58:15,DTAA/CCG0876,PC-3910,Logon
{Y1S6-V8GD22BS-3994QQOU},01/04/2010 07:58:16,DTAA/BAM0466,PC-3011,Logon
{G3J0-U0BQ47LH-6571JFSO},01/04/2010 07:58:16,DTAA/RME0699,PC-2049,Logon
{V6J4-L4GC29YV-1034NTQZ},01/04/2010 07:58:17,DTAA/LLB0843,PC-3755,Logon
{Z9Q5-X5LJ75VT-6412IPMF},01/04/2010 07:58:20,DTAA/TSC0431,PC-0497,Logon
{K3B4-B4HY05EV-5046VNTA},01/04/2010 07:58:28,DTAA/DAW0199,PC-0735,Logon
{F2T1-X4DX52ZX-3626DBIH},01/04/2010 07:58:30,DTAA/OYR0801,PC-0088,Logon
{P8U0-K4DY79FH-1099CUGD},01/04/2010 07:58:32,DTAA/BTH0004,PC-2468,Logon
{E8I0-C5ZZ74TP-2007XWZM},01/04/2010 07:58:43,DTAA/ECB0185,PC-3713,Logon
{U9G2-T3EH19QN-8902YHIL},01/04/2010 07:58:46,DTAA/SCK0576,PC-4950,Logon
{A4M8-G7NR31YZ-7758RQRD},01/04/2010 07:58:57,DTAA/GYB0248,PC-0436,Logon
{B8H6-C0GJ03OC-3935LYKB},01/04/2010 07:59:00,DTAA/AZC0030,PC-4724,Logon
{W8O5-R0TW70NR-1866UFCQ},01/04/2010 07:59:04,DTAA/MAM0947,PC-4427,Logon
{B2R4-O6SK68WU-5301IHLH},01/04/2010 07:59:26,DTAA/AHS0926,PC-0459,Logon
{A9I0-J2DC47PC-5132ZREF},01/04/2010 07:59:29,DTAA/NET0306,PC-2083,Logon
{Z5O5-V9FD46EZ-4395SOHM},01/04/2010 07:59:30,DTAA/NWC0765,PC-3896,Logon
{H8E9-G5XI61BJ-6641HOSK},01/04/2010 07:59:31,DTAA/RRL0780,PC-2526,Logon
{J5K0-U8XX36MS-8642YYON},01/04/2010 07:59:38,DTAA/PDS0896,PC-3654,Logon
{P7W4-D8OW60PR-7655HPAM},01/04/2010 07:59:39,DTAA/AKM0969,PC-0691,Logon
{E2P3-H5DB72JL-8490FMXQ},01/04/2010 07:59:47,DTAA/HBL0517,PC-1343,Logon
{A7W2-A6BT05YS-2364GETB},01/04/2010 07:59:52,DTAA/CBH0762,PC-4005,Logon
{G3U3-U8GL17RS-4759ZHTP},01/04/2010 07:59:55,DTAA/CNB0615,PC-1605,Logon
{C8E8-H2QK17DV-6658ZWMJ},01/04/2010 08:00:03,DTAA/FNO0471,PC-4905,Logon
{X9F6-X9QT21DE-2766WXGX},01/04/2010 08:00:13,DTAA/HBB0402,PC-0834,Logon
{H1W2-E5DM29ZY-8025HMSS},01/04/2010 08:00:14,DTAA/DMR0377,PC-2173,Logon
{U0U4-S2FK70AB-7344MTYO},01/04/2010 08:00:15,DTAA/JGB0062,PC-3269,Logon
{I4Z8-H2PC18PV-7639LVAI},01/04/2010 08:00:17,DTAA/KRC0455,PC-2286,Logon
{N4E6-V3QS36SA-3130AUCE},01/04/2010 08:00:18,DTAA/JDM0083,PC-1803,Logon
{J8X1-K7OV61PX-8712JIPM},01/04/2010 08:00:26,DTAA/KNH0719,PC-1374,Logon
{T4N6-W3LW10SY-3598CXST},01/04/2010 08:00:29,DTAA/BNW0850,PC-2260,Logon
{X5W6-P2FR81PO-0643YPMV},01/04/2010 08:00:53,DTAA/MAB0532,PC-0797,Logon
{Y5O8-D1RF19EH-6920QFXF},01/04/2010 08:00:54,DTAA/TTG0637,PC-0410,Logon
{S6G3-E1TN63AK-4977ONAC},01/04/2010 08:00:56,DTAA/AAS0709,PC-2967,Logon
{N3P0-B2YP77YO-6137IGTP},01/04/2010 08:01:01,DTAA/NIC0901,PC-2316,Logon
{Z5L1-A4LM22RV-0585GBVG},01/04/2010 08:01:13,DTAA/TLB0831,PC-3459,Logon
{Q7H7-I7CG80YT-7696LORU},01/04/2010 08:01:13,DTAA/KJM0614,PC-4423,Logon
{T1X9-D5BZ39DG-6246RNXG},01/04/2010 08:01:17,DTAA/DSB0887,PC-1158,Logon
{T9Y1-R6DH37MV-1451CKYK},01/04/2010 08:01:17,DTAA/VFS0231,PC-1112,Logon
{M5G2-D4WT98LD-2026TIVH},01/04/2010 08:01:18,DTAA/WAH0813,PC-1147,Logon
{O7R5-V7YG30VU-8294YQYR},01/04/2010 08:01:19,DTAA/KEH0055,PC-1196,Logon
{N6F1-P6YN52AL-4486OTLN},01/04/2010 08:01:23,DTAA/AZS0738,PC-0744,Logon
{O4I2-Q2ED64HF-0478IXZQ},01/04/2010 08:01:28,DTAA/MDS0742,PC-4317,Logon
{S4L9-S0OP45QM-8729PJZN},01/04/2010 08:01:35,DTAA/RJP0345,PC-3284,Logon
{R8F9-G1GZ83YI-9326VCHT},01/04/2010 08:01:40,DTAA/BGN0054,PC-0553,Logon
{P8I1-I7VG53EE-7394ULEF},01/04/2010 08:01:50,DTAA/WMJ0364,PC-4532,Logon
{D5B4-Z5PL44TB-6368MXEP},01/04/2010 08:01:50,DTAA/HNS0858,PC-3790,Logon
{V9X3-K0LR61FG-8334APIB},01/04/2010 08:01:54,DTAA/SMC0139,PC-0577,Logon
{J2H4-T8AN43XB-7472YKMA},01/04/2010 08:01:59,DTAA/MXM0271,PC-1011,Logon
{Y9Q0-L2DY46AH-8432XTUP},01/04/2010 08:02:04,DTAA/NCW0246,PC-4174,Logon
{D5A6-E3ID68CZ-8475DWKY},01/04/2010 08:02:06,DTAA/RSJ0328,PC-4292,Logon
{L6W5-J3PC11SY-0350KCYA},01/04/2010 08:02:07,DTAA/DDD0915,PC-3632,Logon
{R0P3-K9GQ72TV-8396HALP},01/04/2010 08:02:10,DTAA/AIC0321,PC-4887,Logon
{L8P2-E2NY51IB-1262YEBU},01/04/2010 08:02:10,DTAA/YSH0268,PC-2544,Logon
{R0U6-E3DL89KK-7039BWCS},01/04/2010 08:02:18,DTAA/KIM0617,PC-3140,Logon
{V9G8-T1RE58QG-1014WUFM},01/04/2010 08:02:25,DTAA/DST0857,PC-0925,Logon
{R3K4-I2CQ53DI-9551YREQ},01/04/2010 08:02:30,DTAA/HTC0607,PC-1033,Logon
{J3F6-Z1IU94WO-3100KVBP},01/04/2010 08:02:32,DTAA/DAV0579,PC-1701,Logon
{W7Z9-P3ZL92AO-2960CPOF},01/04/2010 08:02:38,DTAA/SRN0275,PC-3531,Logon
{V0K0-N0VI55PU-7739QXIT},01/04/2010 08:02:39,DTAA/MRM0205,PC-0221,Logon
{O8E1-L9VL61HO-1344YUJN},01/04/2010 08:02:58,DTAA/JSE0020,PC-2745,Logon
{M4H4-O6SV22AQ-0798CBKG},01/04/2010 08:03:00,DTAA/AFH0331,PC-0850,Logon
{O0E5-C2IN46HE-8786NTFN},01/04/2010 08:03:08,DTAA/ENB0293,PC-0311,Logon
{P2R3-G6RN07QW-8210KNNB},01/04/2010 08:03:11,DTAA/EGG0294,PC-4696,Logon
{N2M0-F5TN53AG-4950HKDE},01/04/2010 08:03:15,DTAA/RLW0861,PC-4361,Logon
{G8J1-I3GN29SE-0596YPYV},01/04/2010 08:03:32,DTAA/ELA0741,PC-1751,Logon
{D4Y8-C5RR03UG-8558ZRGZ},01/04/2010 08:03:34,DTAA/CCM0827,PC-3355,Logon
{W9X7-F9NH74NI-8834LUUP},01/04/2010 08:03:49,DTAA/BYB0347,PC-0714,Logon
{L6E8-N7XE77AX-5128KWBZ},01/04/2010 08:03:54,DTAA/DRO0126,PC-3212,Logon
{C3H3-B9PL13OJ-5835BMBC},01/04/2010 08:03:55,DTAA/JLC0744,PC-4788,Logon
{V9S9-I1DH77KJ-9561PJBB},01/04/2010 08:04:00,DTAA/GKJ0573,PC-3174,Logon
{C7Q1-N5XD26SC-6713POON},01/04/2010 08:04:04,DTAA/AMH0101,PC-2735,Logon
{Y7O8-O6IC41GY-9436TYQD},01/04/2010 08:04:05,DTAA/CAW0976,PC-4600,Logon
{T6Y6-W8FG98FB-4207HZBK},01/04/2010 08:04:10,DTAA/HDR0261,PC-2506,Logon
{C1R2-E9XH34AB-9741XVYP},01/04/2010 08:04:14,DTAA/LMH0690,PC-2166,Logon
{F0N4-O4RV09LE-9822QEOO},01/04/2010 08:04:16,DTAA/DAG0754,PC-2712,Logon
{L6A0-O9UX79NN-5656PZJV},01/04/2010 08:04:28,DTAA/CLB0995,PC-3713,Logoff
{E0N1-X5UO84HT-1854JOCZ},01/04/2010 08:04:30,DTAA/DRD0916,PC-1703,Logon
{H7E2-G6TQ83DZ-1957EBMG},01/04/2010 08:04:31,DTAA/ALK0520,PC-3889,Logon
{U5H0-I2NR95DA-8541YIBP},01/04/2010 08:04:47,DTAA/MZB0206,PC-3615,Logon
{M6F3-V1OX27RL-7397HWLJ},01/04/2010 08:04:49,DTAA/SDR0010,PC-2030,Logon
{Z8E9-G1SQ18WM-9375CCMD},01/04/2010 08:04:50,DTAA/YCS0667,PC-2615,Logon
{J5J9-W9OT70CL-6550NXSJ},01/04/2010 08:05:06,DTAA/KDL0806,PC-1649,Logon
{X5I6-E0RC79SP-9300OUHB},01/04/2010 08:05:12,DTAA/WLB0169,PC-0986,Logon
{K1R2-Y0DZ36ZL-2463FDRD},01/04/2010 08:05:12,DTAA/PIG0194,PC-0932,Logon
{A9W7-Z7OO54QE-4312DUHG},01/04/2010 08:05:20,DTAA/TKG0523,PC-4393,Logon
{W9O5-Z6XC93FO-4744KQIB},01/04/2010 08:05:22,DTAA/KSW0597,PC-3787,Logon
{A3U8-F0FX29AH-0447OLQY},01/04/2010 08:05:23,DTAA/SAS0433,PC-4670,Logon
{T0K9-O8VS92KU-7644EQWF},01/04/2010 08:05:23,DTAA/KYH0920,PC-1459,Logon
{K2B7-A4VX01ZS-6265TIOX},01/04/2010 08:05:27,DTAA/JCC0140,PC-2950,Logon
{N4K1-Z7QB97BP-6749TYQU},01/04/2010 08:05:30,DTAA/WJR0592,PC-3947,Logon
{L4Q4-W0EP62CT-0974ONED},01/04/2010 08:05:30,DTAA/SND0611,PC-3657,Logon
{K6Q9-E0BF98DU-9874KZAR},01/04/2010 08:05:33,DTAA/ARP0948,PC-4291,Logon
{Y3B1-S2ON72BL-8195SEMF},01/04/2010 08:05:33,DTAA/IMD0776,PC-0544,Logon
{M9D0-A7WV22MQ-2776ERZE},01/04/2010 08:05:35,DTAA/KTM0960,PC-0590,Logon
{M8X1-N5NR17OR-0233XMZS},01/04/2010 08:05:35,DTAA/EDR0642,PC-2000,Logon
{V3I6-T0ZF43HU-2453XXHI},01/04/2010 08:05:42,DTAA/CCH0497,PC-0160,Logon
{N3V5-B9QS93GE-2506VFWP},01/04/2010 08:05:46,DTAA/RCW0436,PC-3171,Logon
{J0N1-Y9MF58TQ-5012EABL},01/04/2010 08:05:47,DTAA/JSH0326,PC-4305,Logon
{T4L7-W0YS93TS-0020SNZG},01/04/2010 08:05:53,DTAA/CDS0300,PC-2678,Logon
{V8X5-X8KQ54LH-3492VUMF},01/04/2010 08:05:55,DTAA/EJB0888,PC-3077,Logon
{H6Q8-H6XQ08BT-4787XZSE},01/04/2010 08:06:00,DTAA/ECB0494,PC-0926,Logon
{L3O2-T1IY37IY-5497ITAN},01/04/2010 08:06:04,DTAA/MDC0595,PC-3750,Logon
{D2P5-H5MO50PF-5681VVAI},01/04/2010 08:06:07,DTAA/ECM0214,PC-1433,Logon
{Y0A6-C6VS52TY-0778LSFB},01/04/2010 08:06:09,DTAA/IVF0777,PC-0212,Logon
{U9D0-F6RQ04BO-1265AKCP},01/04/2010 08:06:12,DTAA/WCB0440,PC-3022,Logon
{M7Y4-F6JQ72XP-8652VKTO},01/04/2010 08:06:15,DTAA/VKB0605,PC-2644,Logon
{A7D2-P2OO80JX-6955ZSIG},01/04/2010 08:06:17,DTAA/KES0043,PC-1638,Logon
{I7V7-U6YF01MD-7244HAIT},01/04/2010 08:06:21,DTAA/RTH0376,PC-0763,Logon
{G5K3-P9GO46JR-5119QAQD},01/04/2010 08:06:29,DTAA/XIN0791,PC-2332,Logon
{K8B4-O7TW28VO-4368XKFR},01/04/2010 08:06:35,DTAA/CLN0999,PC-3676,Logon
{G5J5-L0EF35QS-2113WHOZ},01/04/2010 08:06:35,DTAA/QLC0632,PC-2855,Logon
{D7M6-X2TK93GD-3216JUQC},01/04/2010 08:06:41,DTAA/BCJ0800,PC-2703,Logon
{C3P6-D8DX13WM-5026OJWO},01/04/2010 08:06:49,DTAA/YVF0045,PC-3949,Logon
{N2Q6-E3UG77FZ-0979ZCNT},01/04/2010 08:06:50,DTAA/SSH0144,PC-4673,Logon
{M0C0-V8BL10KG-8909CFMC},01/04/2010 08:06:51,DTAA/DSH0627,PC-2474,Logon
{W5Y9-P9AE83AI-4024HTGJ},01/04/2010 08:06:53,DTAA/OJH0425,PC-4118,Logon
{N0H5-E1ES17UA-1937QSMN},01/04/2010 08:06:55,DTAA/JZO0727,PC-2134,Logon
{P9A5-S4VQ48SQ-7093XDUN},01/04/2010 08:07:04,DTAA/RLC0019,PC-3825,Logon
{R7P0-N0UR83IU-3939SHQF},01/04/2010 08:07:06,DTAA/AOC0511,PC-0354,Logon
{K6S9-H2PK85NU-6620FLIR},01/04/2010 08:07:19,DTAA/SCW0707,PC-1217,Logon
{V9X2-I9CI17KM-0392YGFA},01/04/2010 08:07:26,DTAA/WCM0391,PC-2110,Logon
{K8U7-E9LJ94WK-4987GUDY},01/04/2010 08:07:26,DTAA/NAW0939,PC-0411,Logon
{I0J7-P6YY11BR-9421AQUP},01/04/2010 08:07:32,DTAA/UMB0449,PC-3960,Logon
{I8Q5-M0QP45TJ-2345NAIV},01/04/2010 08:07:33,DTAA/NZD0771,PC-3712,Logon
{S4P4-C8TK58TC-0949NJKB},01/04/2010 08:07:33,DTAA/LCK0666,PC-3245,Logon
{J9C9-A5NE31DC-4087QXOV},01/04/2010 08:07:37,DTAA/EDH0146,PC-3973,Logon
{G3H7-A9AL29AZ-6049TONK},01/04/2010 08:07:43,DTAA/KFF0225,PC-0452,Logon
{J2Z1-V8HQ40IW-5135HPYL},01/04/2010 08:07:43,DTAA/YCV0635,PC-4928,Logon
{A5Q3-C0DQ03JS-4346FDFI},01/04/2010 08:07:50,DTAA/LAH0710,PC-3109,Logon
{D2P2-M0HK04CQ-1072WSZK},01/04/2010 08:07:53,DTAA/MMF0289,PC-1734,Logon
{D9T5-B1KX46UD-2120PNCW},01/04/2010 08:08:00,DTAA/NHL0521,PC-2511,Logon
{O4R0-R7AF43GX-3276VGGN},01/04/2010 08:08:08,DTAA/KSO0749,PC-0174,Logon
{G7Q3-J8QL16WM-9330MYEN},01/04/2010 08:08:10,DTAA/QNK0574,PC-1569,Logon
{G7K0-G1JN62XR-0787ZWZP},01/04/2010 08:08:14,DTAA/CKR0296,PC-4152,Logon
{B3U0-S3EH07DL-9967NJSQ},01/04/2010 08:08:17,DTAA/AAC0344,PC-2282,Logon
{C9O9-L6ZB04QY-5106JKSA},01/04/2010 08:08:19,DTAA/BNN0072,PC-0335,Logon
{C5N3-V2PC16JB-2018LZVJ},01/04/2010 08:08:31,DTAA/AAC0599,PC-1800,Logon
{A7M3-H6UU39IW-7267WJEK},01/04/2010 08:08:31,DTAA/JIP0187,PC-3850,Logon
{G1W7-V2RT63QH-7863CLWZ},01/04/2010 08:08:32,DTAA/NNS0898,PC-4765,Logon
{E4U8-H2HH73KT-5072XIHG},01/04/2010 08:08:47,DTAA/MJK0212,PC-2645,Logon
{A7X2-E0MA30NW-8625HOVC},01/04/2010 08:08:49,DTAA/MOA0526,PC-2701,Logon
{F2F2-S9OC91SG-9615DNGR},01/04/2010 08:08:52,DTAA/NFD0706,PC-4804,Logon
{D5K4-C6DF48YQ-7891QTUP},01/04/2010 08:08:58,DTAA/AUM0365,PC-0338,Logon
{U2N1-N7TQ94TK-8205OYCL},01/04/2010 08:09:05,DTAA/HNK0421,PC-4525,Logon
{B4X5-Y7ZL36OB-0059OTQR},01/04/2010 08:09:06,DTAA/PKH0542,PC-2052,Logon
{F9S6-V2TQ07GI-7716GEQJ},01/04/2010 08:09:12,DTAA/MNB0956,PC-0701,Logon
{N6G3-O6UY08TR-4058ETSW},01/04/2010 08:09:14,DTAA/HAG0649,PC-1350,Logon
{H4S4-R4WN04EU-7474GYYY},01/04/2010 08:09:18,DTAA/CBR0208,PC-2888,Logon
{Q7V2-Q1RT06EB-7016PODD},01/04/2010 08:09:21,DTAA/LCC0556,PC-2460,Logon
{I6H0-K9XU08ZP-6456CQUC},01/04/2010 08:09:21,DTAA/MJF0892,PC-3210,Logon
{O6H9-Q6HJ92JH-3691XVBC},01/04/2010 08:09:24,DTAA/CAC0854,PC-0303,Logon
{A8V3-K1HF57VF-4642FURC},01/04/2010 08:09:27,DTAA/HSR0472,PC-3512,Logon
{I2M7-J9PN60FN-3202CQBV},01/04/2010 08:09:31,DTAA/CKB0536,PC-3570,Logon
{C0A5-D1KE53MC-1899NVHL},01/04/2010 08:09:32,DTAA/CLN0999,PC-3676,Logoff
{E6M8-M9HI18KH-0140GSEG},01/04/2010 08:09:38,DTAA/HCC0258,PC-3668,Logon
{D7D3-B2HV29GL-8847UZRV},01/04/2010 08:09:38,DTAA/RVS0852,PC-2420,Logon
{G8Y8-J1VE35ZZ-1094QWLW},01/04/2010 08:09:39,DTAA/BBH0313,PC-0316,Logon
{C8N1-W1ZR27EP-0837GAFH},01/04/2010 08:09:48,DTAA/HNF0812,PC-4760,Logon
{J9O6-Z7GH88MP-8410XNLV},01/04/2010 08:09:51,DTAA/NSC0842,PC-4132,Logon
{P4L8-D3HN95WD-6246SIRF},01/04/2010 08:09:56,DTAA/CAO0951,PC-2846,Logon
{D6S6-L9WC97XZ-8675TWRK},01/04/2010 08:09:59,DTAA/CYK0330,PC-4246,Logon
{D3H5-T4UP21HS-9516TMSE},01/04/2010 08:10:21,DTAA/CBR0104,PC-0775,Logon
{H1I2-Q4KH58QZ-4575WOSB},01/04/2010 08:10:33,DTAA/LDG0406,PC-4454,Logon
{S4I6-F2SL20TM-4582HSOQ},01/04/2010 08:10:39,DTAA/JXC0393,PC-2734,Logon
{R7B5-Z3HZ83EP-6853WDTY},01/04/2010 08:10:46,DTAA/ENP0794,PC-4483,Logon
{V4W8-B9BW41UF-5721DIZA},01/04/2010 08:11:15,DTAA/HPN0821,PC-3644,Logon
{C9V9-I6TT29BJ-0004EXHO},01/04/2010 08:11:21,DTAA/EBS0287,PC-2785,Logon
{J5Z5-U8YB97FW-9148CFQF},01/04/2010 08:11:41,DTAA/AFR0646,PC-0323,Logon
{S3F2-A4HE61GQ-2156THHS},01/04/2010 08:11:46,DTAA/PCM0846,PC-1898,Logon
{R9W3-T6GI61QY-9733GJSE},01/04/2010 08:11:51,DTAA/KCN0107,PC-2095,Logon
{C5P9-I5VK35YR-0599WKCO},01/04/2010 08:11:55,DTAA/JHD0512,PC-2683,Logon
{F0Q6-E1OQ70AN-1546KMVS},01/04/2010 08:12:14,DTAA/HCG0731,PC-4643,Logon
{E4H0-J2KD38CS-6797EPTY},01/04/2010 08:12:17,DTAA/HED0802,PC-3229,Logon
{F2O1-X0WM30DE-4196WSZE},01/04/2010 08:12:29,DTAA/BAF0379,PC-3645,Logon
{K9U5-A6CS68SL-4922VFEC},01/04/2010 08:12:50,DTAA/DTD0380,PC-2496,Logon
{F8K5-T7MX69BY-9808SAYW},01/04/2010 08:12:53,DTAA/GEC0077,PC-4296,Logon
{G1B1-Z8NU31WF-9317CSSN},01/04/2010 08:13:03,DTAA/JAC0390,PC-1431,Logon
{L3F5-A2PD53VT-9465FJJN},01/04/2010 08:13:04,DTAA/KKW0676,PC-4445,Logon
{T2I6-E1HY35HQ-2249MNJF},01/04/2010 08:13:04,DTAA/HFC0680,PC-3835,Logon
{E6T7-U2ZG88UB-9574FJUJ},01/04/2010 08:13:09,DTAA/KBC0788,PC-1243,Logon
{G4S8-R8QU29OG-4406YBYM},01/04/2010 08:13:10,DTAA/PFF0657,PC-4923,Logon
{K7T8-K0DV86AE-6373UKEV},01/04/2010 08:13:10,DTAA/ZBH0980,PC-0111,Logon
{I2D2-S8ME64BO-5354RSBN},01/04/2010 08:13:19,DTAA/IHD0259,PC-0820,Logon
{H9P5-A2QS28HG-6683RENK},01/04/2010 08:14:15,DTAA/ACR0400,PC-3584,Logon
{L0Z5-T6IS74RI-6097LPTK},01/04/2010 08:14:32,DTAA/TPC0102,PC-4465,Logoff
{W4A1-G4WN59QJ-0627IXEO},01/04/2010 08:14:38,DTAA/FUA0154,PC-1985,Logon
{W4V4-G1WM13QU-6059VLKA},01/04/2010 08:14:44,DTAA/WDW0064,PC-0702,Logon
{U5M3-O8GG76LK-8949NLSB},01/04/2010 08:15:05,DTAA/SDM0333,PC-3021,Logon
{W3U2-U3YR67WN-5436WIVW},01/04/2010 08:15:15,DTAA/AEW0730,PC-4032,Logon
{O9S9-F1OH22ZI-3108LIJK},01/04/2010 08:15:23,DTAA/CMM0900,PC-4293,Logon
{J9V2-G4DH57GJ-6000FMIA},01/04/2010 08:15:38,DTAA/RDG0335,PC-4919,Logon
{A1R3-C2LP14HP-9546BHBX},01/04/2010 08:15:47,DTAA/DNM0143,PC-4773,Logon
{C4E8-X2AF03VI-6347DALD},01/04/2010 08:15:48,DTAA/BVM0716,PC-2840,Logon
{N2R6-W3AK60BT-3421IXBP},01/04/2010 08:16:07,DTAA/SAO0167,PC-3364,Logon
{X4Y7-N3RU58FA-2824IXCC},01/04/2010 08:16:13,DTAA/RBC0879,PC-1261,Logon
{F1D0-C2QK07AB-9888ZEEM},01/04/2010 08:16:13,DTAA/XGB0052,PC-1700,Logon
{T6P1-Z8JU05PP-0463VEJG},01/04/2010 08:16:14,DTAA/WSL0470,PC-4692,Logon
{I5X9-D9QG56LX-1824SGUL},01/04/2010 08:16:21,DTAA/HEG0785,PC-4845,Logon
{W7A1-B4UA49RX-7301OOHD},01/04/2010 08:16:35,DTAA/MSM0226,PC-1732,Logon
{U7R9-L8OE81FZ-4770QWPK},01/04/2010 08:17:41,DTAA/AWB0828,PC-4154,Logon
{C0C9-F0BM35ZT-2095QTYG},01/04/2010 08:18:10,DTAA/CLB0995,PC-4952,Logon
{H1R8-M4NJ86PH-5247CPHR},01/04/2010 08:19:09,DTAA/PCS0097,PC-1228,Logon
{D3Y6-L2XH66XH-4956SKYD},01/04/2010 08:19:14,DTAA/PAC0722,PC-4075,Logon
{K1P2-K4NF82HW-5272BDHB},01/04/2010 08:19:20,DTAA/ASV0049,PC-2492,Logon
{C3J1-C7WY49RR-6725VTEW},01/04/2010 08:19:36,DTAA/VBW0447,PC-2662,Logon
{W3U9-X7VO64FM-5488PHVA},01/04/2010 08:19:36,DTAA/UJC0849,PC-2481,Logon
{S2D0-Y1KC18TG-0219EUIS},01/04/2010 08:19:38,DTAA/SML0486,PC-0001,Logon
{V0L8-B2SK52RC-9914KGXD},01/04/2010 08:19:42,DTAA/BJM0311,PC-2790,Logon
{S1S5-L6TO48QC-6048GTAH},01/04/2010 08:19:45,DTAA/HDR0823,PC-3236,Logon
{D4K0-F4YH04SW-9791DIMM},01/04/2010 08:19:57,DTAA/LPG0099,PC-2359,Logon
{O7V5-P0EA61TK-7754CQOY},01/04/2010 08:20:07,DTAA/LNM0509,PC-0813,Logon
{U6P4-W1QA14GM-9346OWBY},01/04/2010 08:20:16,DTAA/BMM0247,PC-3084,Logon
{C0D8-T1ID57OD-2690UJNO},01/04/2010 08:20:17,DTAA/JLL0301,PC-0807,Logon
{Y0L6-T8EK68KD-4635SCFU},01/04/2010 08:20:22,DTAA/PTH0957,PC-0057,Logon
{H1R7-H1QL36CR-2232WJKO},01/04/2010 08:20:28,DTAA/DNS0937,PC-0856,Logon
{W9Y5-V2YY62UM-6726DPYD},01/04/2010 08:20:32,DTAA/LJB0492,PC-0504,Logon
{T6J3-F2LU66OY-8311RMIV},01/04/2010 08:20:33,DTAA/NHL0253,PC-3339,Logon
{M3A4-W6LJ57YU-4993TQIX},01/04/2010 08:20:37,DTAA/ECT0491,PC-2368,Logon
{C4M0-M6SL88MN-6309DQFE},01/04/2010 08:20:42,DTAA/WDW0485,PC-3096,Logon
{J2O7-F4PH50MQ-6956QWNA},01/04/2010 08:20:45,DTAA/PIP0746,PC-0416,Logon
{R1K0-O1PK60UX-1968VAUD},01/04/2010 08:20:55,DTAA/LEH0561,PC-4482,Logon
{O8Y5-I4PB23IC-6813PAON},01/04/2010 08:21:00,DTAA/DRO0516,PC-2367,Logon
{K1F7-G5DF99SM-5129CTWI},01/04/2010 08:21:07,DTAA/MIH0429,PC-4650,Logon
{A4S2-F8IV39PU-0854TBHM},01/04/2010 08:21:08,DTAA/NSP0910,PC-4479,Logon
{K9S6-P1GX18XP-9368USPU},01/04/2010 08:21:09,DTAA/HIB0604,PC-4209,Logon
{C3U0-U0NU38YH-6400GFCF},01/04/2010 08:21:09,DTAA/JLM0053,PC-1334,Logon
{V1Y7-X9WG44WH-6184DXYP},01/04/2010 08:21:36,DTAA/NDH0807,PC-3527,Logon
{V3W5-N0LG97EP-9436YTVE},01/04/2010 08:21:49,DTAA/EEB0134,PC-0596,Logon
{R9U8-U4HR86DD-6918RGVB},01/04/2010 08:21:52,DTAA/ZKN0548,PC-3415,Logon
{T3P3-E3MT81FP-6681OTCP},01/04/2010 08:21:54,DTAA/KBB0983,PC-2629,Logon
{R5D3-F0TA70XP-1226UMND},01/04/2010 08:21:56,DTAA/AAK0924,PC-4772,Logon
{P6G1-Z9OI96CQ-6861ZAMI},01/04/2010 08:21:57,DTAA/RHP0688,PC-2436,Logon
{K3X0-Y7VV66YP-9073MWBE},01/04/2010 08:21:59,DTAA/GRS0372,PC-2242,Logon
{T8Q1-D9PE95GZ-2995KOQV},01/04/2010 08:22:00,DTAA/TLB0017,PC-0053,Logon
{X0A7-C0SM86ZT-2932YZGJ},01/04/2010 08:22:01,DTAA/TJP0714,PC-2079,Logon
{M0R4-N2IU75UI-0679KAQC},01/04/2010 08:22:09,DTAA/ELD1000,PC-3390,Logon
{N1R4-X4HK56IW-4435FTAH},01/04/2010 08:22:16,DTAA/TIW0195,PC-0513,Logon
{O9Q7-Y1JL93IX-0459BZIH},01/04/2010 08:22:22,DTAA/CSA0071,PC-4744,Logon
{X0Y3-L4QC29YL-5608RCGM},01/04/2010 08:22:25,DTAA/PKM0092,PC-0731,Logon
{J0W2-U0PF12UN-5776QULX},01/04/2010 08:22:39,DTAA/EAM0745,PC-0220,Logon
{E8R7-T5QD10QH-6169CPWI},01/04/2010 08:23:02,DTAA/SAH0192,PC-4079,Logon
{C3F2-P5QA22CT-5098QWSS},01/04/2010 08:23:10,DTAA/BCB0013,PC-1377,Logon
{A0L5-R3DF02RI-6398XTOH},01/04/2010 08:23:17,DTAA/ARR0758,PC-2652,Logon
{G8J2-C4LR14RA-9488ZOKU},01/04/2010 08:23:18,DTAA/DOO0986,PC-0500,Logon
{P7Z3-B2DB54LF-2325SNSG},01/04/2010 08:23:18,DTAA/AXB0007,PC-4306,Logon
{N5P7-O7OS35UH-5153QHCL},01/04/2010 08:23:20,DTAA/MAG0290,PC-4646,Logon
{K4T1-W5XT34BY-5822CBDG},01/04/2010 08:23:21,DTAA/QKR0651,PC-4881,Logon
{W5S6-T1OP19BQ-1739SAHO},01/04/2010 08:23:44,DTAA/AAH0734,PC-0280,Logon
{Z2O9-J8GM20WJ-5698KFKI},01/04/2010 08:23:54,DTAA/SAM0954,PC-3599,Logon
{I6W4-L8QO63DR-2220SNYD},01/04/2010 08:24:11,DTAA/LGA0042,PC-0768,Logon
{I0H2-D4DN78AI-9143SGAI},01/04/2010 08:24:14,DTAA/MIC0914,PC-3326,Logon
{S9E6-X4EN13KF-0046NKOA},01/04/2010 08:24:21,DTAA/MGY0732,PC-1199,Logon
{W3O4-R5TP10ZR-6472PHHC},01/04/2010 08:25:36,DTAA/OBD0786,PC-1924,Logon
{L0H9-Z4ZY47EK-2791KVMR},01/04/2010 08:25:41,DTAA/MBR0166,PC-3669,Logon
{C8U5-C6NU06WM-5052DYOY},01/04/2010 08:25:42,DTAA/VMM0309,PC-1276,Logon
{X9U5-L0SK07DY-9878LTNA},01/04/2010 08:25:52,DTAA/HSH0981,PC-2723,Logon
{F7U8-I9PX83EQ-1348USMO},01/04/2010 08:26:05,DTAA/BGF0236,PC-1848,Logon
{L4D4-Y1SZ80RG-5396PQRJ},01/04/2010 08:26:07,DTAA/QOH0361,PC-3747,Logon
{P2B3-A7VA56EW-4846DYFA},01/04/2010 08:26:29,DTAA/DRN0845,PC-1345,Logon
{Z3C0-M0DV19WJ-6617PPTC},01/04/2010 08:26:36,DTAA/SOM0478,PC-3348,Logon
{R0M1-Y4IF97HP-3512PHIR},01/04/2010 08:26:41,DTAA/IWM0482,PC-0146,Logon
{C0N1-H2TE26SA-7643VWOP},01/04/2010 08:26:48,DTAA/WDW0198,PC-2106,Logon
{V1E0-W4TE35NO-3844OVLO},01/04/2010 08:27:11,DTAA/IGB0310,PC-4962,Logon
{R7S5-B5CA60XL-1658YGTW},01/04/2010 08:27:23,DTAA/VFT0014,PC-1870,Logon
{Z0W1-A1LW51QE-7257ZRKQ},01/04/2010 08:27:34,DTAA/ARG0405,PC-3289,Logon
{H1D5-E2LU39HS-9816BENZ},01/04/2010 08:28:07,DTAA/GWS0381,PC-0975,Logon
{G3H7-P5BE12CJ-2236GKPR},01/04/2010 08:28:09,DTAA/JKW0464,PC-1764,Logon
{M6G7-K4JQ25VZ-8398LZBV},01/04/2010 08:28:13,DTAA/SVM0756,PC-0312,Logon
{X1K8-G6BV36DK-4031THHK},01/04/2010 08:28:26,DTAA/AAK0658,PC-3233,Logon
{L8D7-S9TM67XM-2933HCPU},01/04/2010 08:28:27,DTAA/IRH0176,PC-4706,Logon
{T7C2-D9FG68QN-6142LLYG},01/04/2010 08:28:31,DTAA/JIH0640,PC-2393,Logon
{E8E4-V4CU09PO-9336LQFL},01/04/2010 08:28:33,DTAA/AKW0582,PC-0891,Logon
{B3K8-M7BZ71MZ-0488KCTJ},01/04/2010 08:28:57,DTAA/QLW0941,PC-2395,Logon
{W4P0-D7UY59ZS-3766JZEL},01/04/2010 08:29:01,DTAA/HSD0519,PC-2047,Logon
{A0J1-C5XF60MB-2395CDMW},01/04/2010 08:29:02,DTAA/KVH0355,PC-0826,Logon
{A5W2-G4NL80RC-8745EKXM},01/04/2010 08:29:03,DTAA/JHC0703,PC-2149,Logon
{W0Z4-U4CD53MN-3262THJC},01/04/2010 08:29:06,DTAA/PRB0157,PC-3799,Logon
{K3R4-S6DW63MB-9729TDAB},01/04/2010 08:29:10,DTAA/SSB0151,PC-4616,Logon
{B7S1-S0LI22FU-1967TPSF},01/04/2010 08:29:16,DTAA/YLO0362,PC-2343,Logon
{W1F4-C3SJ28TU-6638ODLM},01/04/2010 08:29:16,DTAA/HNR0891,PC-2784,Logon
{G5N4-M7JM62IM-3336CSLX},01/04/2010 08:29:28,DTAA/LQA0232,PC-1045,Logon
{Z3R7-S1NQ49SS-3053GPDV},01/04/2010 08:29:46,DTAA/ZCA0652,PC-4944,Logon
{L7S0-T9WV54FT-6143HQPA},01/04/2010 08:29:54,DTAA/MTM0239,PC-3013,Logon
{G3T9-V5DP10RR-4488DABB},01/04/2010 08:29:57,DTAA/UMK0142,PC-3542,Logon
{G3J2-X7CJ97MO-0547WQOX},01/04/2010 08:30:01,DTAA/OHW0215,PC-3457,Logon
{M3P8-X6EC07BG-4724WMGQ},01/04/2010 08:30:02,DTAA/LBB0095,PC-2780,Logon
{V0Q4-V6UR70UD-4376CKJM},01/04/2010 08:30:02,DTAA/LLK0316,PC-3784,Logon
{A6N5-K0EE02YR-3113GVCR},01/04/2010 08:30:03,DTAA/HDB0655,PC-3968,Logon
{R1A9-Q5TB58KZ-6326WITW},01/04/2010 08:30:35,DTAA/JWW0076,PC-2377,Logon
{A7U5-B8YX93UF-5752HRUS},01/04/2010 08:30:44,DTAA/DFZ0063,PC-4442,Logon
{M7R9-A4DC79XM-3078NDHG},01/04/2010 08:31:10,DTAA/KSP0927,PC-2221,Logon
{O4P6-M3QQ79KA-6756JPIN},01/04/2010 08:32:02,DTAA/LKY0181,PC-2856,Logon
{I6S7-D9VR08YM-8763HLFP},01/04/2010 08:32:05,DTAA/AEG0905,PC-0211,Logon
{Z7S5-F3TG25EH-8244JIZE},01/04/2010 08:32:08,DTAA/SFS0308,PC-4828,Logon
{Q3L5-J2AX09MU-3452VFUK},01/04/2010 08:32:13,DTAA/CPP0761,PC-2665,Logon
{S1P6-I3BK92NT-4065KVQZ},01/04/2010 08:32:16,DTAA/ALL0155,PC-2670,Logon
{W9F2-S0NZ79ZD-3468OPAS},01/04/2010 08:32:35,DTAA/HTS0265,PC-1744,Logon
{K5K6-N5TE29YB-3599KMBF},01/04/2010 08:32:51,DTAA/CLB0995,PC-4952,Logoff
{K7C4-T1OY18GD-0453RPCL},01/04/2010 08:33:00,DTAA/MCF0985,PC-1294,Logon
{B1P9-Y6SV78FV-9413TLSF},01/04/2010 08:33:03,DTAA/BQW0149,PC-3620,Logon
{L6M5-K1BP31BW-5167KXBP},01/04/2010 08:33:08,DTAA/MRS0395,PC-3976,Logon
{H1M8-B4VA33PA-4424MMWJ},01/04/2010 08:33:27,DTAA/BSM0334,PC-2722,Logon
{T0Q3-G2QY34ED-3151WBTB},01/04/2010 08:33:43,DTAA/MSP0078,PC-1731,Logon
{T9W6-V2QU92XM-7850GKDP},01/04/2010 08:34:09,DTAA/OIR0424,PC-0686,Logon
{Y3R3-T4DX04FH-0948NKLQ},01/04/2010 08:34:21,DTAA/LRS0325,PC-0652,Logon
{J7E0-T7FD43HL-6342EVRZ},01/04/2010 08:34:27,DTAA/PXB0069,PC-1972,Logon
{Q2V7-E4UT16BA-0795POLC},01/04/2010 08:34:31,DTAA/EDG0766,PC-4451,Logon
{N9J1-E9DC01FU-0597FXMR},01/04/2010 08:34:58,DTAA/AJS0978,PC-1738,Logon
{M8C5-E5BR99GT-6139VGQN},01/04/2010 08:35:04,DTAA/VMF0423,PC-4970,Logon
{J7H8-E6NH93PN-4210QRRX},01/04/2010 08:35:04,DTAA/CGC0877,PC-2894,Logon
{B6N9-T6DL72GT-4623TDXO},01/04/2010 08:35:15,DTAA/SMW0913,PC-3438,Logon
{U9L6-M4RG65TB-0027XCDO},01/04/2010 08:35:28,DTAA/CLP0332,PC-1179,Logon
{H7P1-X5DT17LR-2245FLYK},01/04/2010 08:35:31,DTAA/UBH0964,PC-4473,Logon
{O9H2-O3WG54CA-2549WBBW},01/04/2010 08:35:35,DTAA/JDM0940,PC-0461,Logon
{W5F5-D9UQ88JR-5323GTBU},01/04/2010 08:35:44,DTAA/LYC0672,PC-4047,Logon
{I6B1-F0KJ72HA-3507BLOO},01/04/2010 08:36:01,DTAA/QZD0164,PC-4694,Logon
{V8Y9-F2JW31FO-5203EQFE},01/04/2010 08:36:08,DTAA/DSM0990,PC-4863,Logon
{L8F5-H7WU89RQ-1766GYQW},01/04/2010 08:36:08,DTAA/GTR0327,PC-3366,Logon
{W4H0-I2UG05KD-6524BGBM},01/04/2010 08:36:09,DTAA/RLS0966,PC-3614,Logon
{O0Z2-U3AP30GS-3598SRXF},01/04/2010 08:36:13,DTAA/MMH0612,PC-2886,Logon
{N0C8-Y3IR44AD-7231ALID},01/04/2010 08:36:20,DTAA/MKN0234,PC-1273,Logon
{Q0T5-X6WC41CR-1168DNTZ},01/04/2010 08:36:27,DTAA/FAF0578,PC-0408,Logon
{K8W0-J6ED57LS-2105FUVT},01/04/2010 08:36:28,DTAA/ARB0050,PC-0115,Logon
{F1A2-J8OD72EU-6747XFUG},01/04/2010 08:36:34,DTAA/IVS0463,PC-3330,Logon
{F3V0-Y2AQ51SB-1806FCKY},01/04/2010 08:36:42,DTAA/PAG0557,PC-3405,Logon
{N3Y4-O4IN28VX-7502ORFA},01/04/2010 08:36:54,DTAA/AJC0266,PC-4661,Logon
{Q7K9-W5VI96RO-6271CGYY},01/04/2010 08:37:13,DTAA/KMG0002,PC-4856,Logon
{X3M1-Y9JC26SB-5596SKFF},01/04/2010 08:37:27,DTAA/OES0636,PC-3802,Logon
{I7W0-O7TY50MM-1431GSKI},01/04/2010 08:37:29,DTAA/CHA0174,PC-2751,Logon
{E8Q8-R4ND71SB-7667PUPQ},01/04/2010 08:37:30,DTAA/JSB0493,PC-2493,Logon
{G7B9-Y2QW65XE-9585OWYG},01/04/2010 08:37:30,DTAA/AJC0203,PC-1144,Logon
{M0S6-N7OO12IT-7290ADVC},01/04/2010 08:37:33,DTAA/JSW0180,PC-2587,Logon
{I4T4-Z7HB50UX-2944EIOV},01/04/2010 08:37:37,DTAA/BRB0908,PC-4252,Logon
{O1O9-F9KK71GL-7230INAY},01/04/2010 08:37:39,DTAA/ANC0012,PC-0964,Logon
{T6V4-V2OF46WH-8277CWZO},01/04/2010 08:37:45,DTAA/SBK0108,PC-4158,Logon
{H8B7-D7FG38PI-2862MTAM},01/04/2010 08:37:47,DTAA/CLN0999,PC-2368,Logon
{D0C2-I1VW81UU-5370OFCG},01/04/2010 08:37:48,DTAA/SER0835,PC-1201,Logon
{V7Y2-V6VV74CX-3111ABGZ},01/04/2010 08:37:54,DTAA/VNM0127,PC-3456,Logon
{P3H2-D0HF37AU-0556NAVC},01/04/2010 08:38:01,DTAA/DDK0417,PC-0980,Logon
{T3K1-H5NO47IN-2278MJLS},01/04/2010 08:38:03,DTAA/AIB0797,PC-4147,Logon
{D8Y9-W3QI00ZY-7158DRDC},01/04/2010 08:38:07,DTAA/KGS0398,PC-1620,Logon
{S7O2-J2CF68TL-1590INJV},01/04/2010 08:38:18,DTAA/EML0060,PC-0777,Logon
{L9R1-B8EB59CY-5379WLCK},01/04/2010 08:38:24,DTAA/STF0145,PC-0191,Logon
{G1F1-X1UC98KJ-4900JKTQ},01/04/2010 08:38:33,DTAA/PDB0413,PC-3571,Logon
{G5P8-X8JI19XT-6458IFAC},01/04/2010 08:38:35,DTAA/BHH0460,PC-2630,Logon
{Q8I5-D6MX95ND-8690INOB},01/04/2010 08:38:54,DTAA/SBC0360,PC-0598,Logon
{I3P6-T0LA48RF-5580HPOT},01/04/2010 08:38:58,DTAA/GNB0481,PC-3826,Logon
{Y8M0-Z9IJ33ZK-2335HXCG},01/04/2010 08:39:03,DTAA/WNS0816,PC-1040,Logon
{Z9L8-O7TD01GM-3324SPWL},01/04/2010 08:39:06,DTAA/QVM0338,PC-4327,Logon
{J3M8-S8FG00KC-5662FMHC},01/04/2010 08:39:10,DTAA/SGC0118,PC-4739,Logon
{G2T2-O6CT23LQ-2252MODL},01/04/2010 08:39:11,DTAA/LJU0036,PC-0632,Logon
{U9Y5-T9WO88LH-5665GZBZ},01/04/2010 08:39:22,DTAA/ADR0219,PC-2943,Logon
{O8M4-J4IN78TZ-0709GAHP},01/04/2010 08:39:24,DTAA/SES0660,PC-2111,Logon
{F7U6-K8HG25DG-4483RJFY},01/04/2010 08:39:35,DTAA/CTF0687,PC-2959,Logon
{X4Q2-M0AK43LS-6917JMGN},01/04/2010 08:39:37,DTAA/DFW0798,PC-3141,Logon
{P2Q1-N5HS44AL-3604EFHF},01/04/2010 08:39:38,DTAA/VMA0051,PC-1950,Logon
{M7H5-C4SO56OW-2757SVKV},01/04/2010 08:39:44,DTAA/EMR0242,PC-1306,Logon
{Z1J8-Z0SY09NG-7238GDQH},01/04/2010 08:39:46,DTAA/FTB0295,PC-0793,Logon
{B1H2-H5KF25FM-7868FKSY},01/04/2010 08:39:53,DTAA/SKB0263,PC-2809,Logon
{F8D1-Q4JJ80VD-2358IEQQ},01/04/2010 08:39:53,DTAA/IJG0454,PC-2407,Logon
{M2T6-O9OO85EI-7821LGHE},01/04/2010 08:39:58,DTAA/AKS0283,PC-3049,Logon
{D9M4-Q7IE70OW-3378MHEF},01/04/2010 08:39:58,DTAA/RIM0938,PC-1089,Logon
{G3V5-A3CU45HL-8627JFBL},01/04/2010 08:39:59,DTAA/ABS0726,PC-3698,Logon
{F4Y8-A5MZ06JG-0964OGSX},01/04/2010 08:40:04,DTAA/GVH0277,PC-3870,Logon
{E6F0-V9PQ36MV-1271VGJB},01/04/2010 08:40:11,DTAA/MTS0084,PC-0238,Logon
{R0O9-L9OB21HN-6252JLHH},01/04/2010 08:40:20,DTAA/PMG0890,PC-3988,Logon
{M0Y5-X2CP22JQ-8344BEAZ},01/04/2010 08:40:50,DTAA/BTH0358,PC-4818,Logon
{C1L2-P6TL99NR-2647ZZAA},01/04/2010 08:40:52,DTAA/IKH0904,PC-3664,Logon
{G8A3-F1JH77ZP-2221HBUV},01/04/2010 08:40:53,DTAA/WAB0970,PC-4718,Logon
{D9E7-T0NO02AU-3056NMGL},01/04/2010 08:40:57,DTAA/BMS0001,PC-0003,Logon
{Q5F0-Z3YP31GC-8870GAZQ},01/04/2010 08:41:18,DTAA/GHS0664,PC-1401,Logon
{V0V0-O7IY79RL-6048JUGK},01/04/2010 08:41:33,DTAA/JMM0759,PC-3490,Logon
{B2O8-C9BH53DY-7419PQXD},01/04/2010 08:41:43,DTAA/ANW0351,PC-0593,Logon
{L4E4-B1FY01TP-9973ISZX},01/04/2010 08:42:22,DTAA/BMR0596,PC-2467,Logon
{F8I7-P8DA94KQ-6603PCNR},01/04/2010 08:42:41,DTAA/IMD0280,PC-4679,Logon
{E5D5-A4AK93DU-7171SVFI},01/04/2010 08:42:43,DTAA/GLB0715,PC-4221,Logon
{R8J7-M1CU21UE-0969QNUD},01/04/2010 08:42:45,DTAA/NJW0094,PC-0791,Logon
{B9R3-S4FK81XZ-1078RSWF},01/04/2010 08:43:11,DTAA/CTH0082,PC-4582,Logon
{B6M3-Z3QW28OU-9420GHDR},01/04/2010 08:43:22,DTAA/JBS0654,PC-0184,Logon
{C0W4-A6BT80HI-7952HPPQ},01/04/2010 08:43:49,DTAA/HBL0517,PC-0662,Logon
{L7M4-U0VJ57PH-7744GUQG},01/04/2010 08:43:57,DTAA/RSG0385,PC-4365,Logon
{G4T5-N3IB65VK-2888RJHU},01/04/2010 08:44:06,DTAA/ALW0834,PC-0557,Logon
{W7O0-P5KH46OB-2059ZXDI},01/04/2010 08:44:11,DTAA/NJH0593,PC-3128,Logon
{W3S8-Z4NO66DO-5851JYES},01/04/2010 08:44:15,DTAA/LPB0141,PC-3489,Logon
{L8C2-G2JL70WT-3032TLUR},01/04/2010 08:44:18,DTAA/DBB0235,PC-0309,Logon
{H3M8-A1UW92EE-2093OAPM},01/04/2010 08:44:38,DTAA/BXY0648,PC-4952,Logon
{K3K8-Y3OQ00HA-8610OEQM},01/04/2010 08:44:55,DTAA/EEK0031,PC-2889,Logon
{K8H5-N5BG75EY-6860HORS},01/04/2010 08:44:58,DTAA/JMA0875,PC-2941,Logon
{F2M0-Z3OE57VM-2571ABBD},01/04/2010 08:45:16,DTAA/CDE0810,PC-3344,Logon
{J5Z7-P1IC96SU-8080WXMT},01/04/2010 08:45:16,DTAA/BMK0943,PC-3319,Logon
{G2O5-H0ZS14GD-3405PROV},01/04/2010 08:45:20,DTAA/AHV0103,PC-0201,Logon
{J2I3-T1ZR31MY-8508OXMK},01/04/2010 08:45:22,DTAA/CRJ0934,PC-3946,Logon
{H2B5-J7PF34DZ-1408GOMS},01/04/2010 08:45:31,DTAA/SJH0588,PC-2512,Logon
{Z6I9-P1JV42TP-8616GOWU},01/04/2010 08:45:58,DTAA/ARW0541,PC-2488,Logon
{L7Q8-A3HI20GW-3964GDIV},01/04/2010 08:46:06,DTAA/LCP0359,PC-2902,Logon
{E9D6-M3NH33TA-7720BSFX},01/04/2010 08:46:23,DTAA/PBH0441,PC-0264,Logon
{N7D4-I8EN00ET-2544MIIK},01/04/2010 08:46:28,DTAA/ZGH0528,PC-4270,Logon
{U7A3-C7IV62YF-3706MFOH},01/04/2010 08:46:38,DTAA/NRH0276,PC-3882,Logon
{D4B4-J7UH97KL-4962GZWC},01/04/2010 08:46:52,DTAA/CRC0996,PC-1046,Logon
{I2X9-M5AX27JF-9989NDBD},01/04/2010 08:47:13,DTAA/GJH0384,PC-4272,Logon
{J6Y7-M6QM10UB-8987UHNY},01/04/2010 08:47:18,DTAA/DCM0725,PC-2771,Logon
{P0V5-F1RY30RX-7392APPM},01/04/2010 08:48:06,DTAA/OZM0468,PC-3041,Logon
{P8Q2-M6VX57BB-4878ZLUS},01/04/2010 08:48:18,DTAA/DNH0619,PC-4336,Logon
{P4F1-W9HJ63AL-7627UWJP},01/04/2010 08:48:39,DTAA/GCH0545,PC-4690,Logon
{V4Q6-V2RK94CH-4017TVGG},01/04/2010 08:49:09,DTAA/TNB0740,PC-2015,Logon
{H3F1-R1QA26QR-5492MJSO},01/04/2010 08:49:19,DTAA/NSD0763,PC-2782,Logon
{S6M7-D1DZ08VN-0867DQVS},01/04/2010 08:49:29,DTAA/AJB0016,PC-1116,Logon
{K4D7-R8KQ53ZF-3268CKGK},01/04/2010 08:49:40,DTAA/JCC0998,PC-4681,Logon
{D2D8-L5TY50IH-9067OHXY},01/04/2010 08:49:46,DTAA/AJC0399,PC-1746,Logon
{N4M8-S0OW35LN-7740INAM},01/04/2010 08:50:00,DTAA/NGC0624,PC-3879,Logon
{Q1K6-T9XR79OQ-1983UKTV},01/04/2010 08:50:12,DTAA/AFD0868,PC-0776,Logon
{O2W5-Z7QP41KX-4357RJMF},01/04/2010 08:50:12,DTAA/EJS0513,PC-0668,Logon
{B6M4-V4HH32QW-0058SBXA},01/04/2010 08:50:15,DTAA/DKB0409,PC-4535,Logon
{X4F4-S5NG73IC-4561XOOL},01/04/2010 08:50:40,DTAA/XRP0435,PC-0431,Logon
{L8A9-V4YT32JY-3595CKRL},01/04/2010 08:51:06,DTAA/RAC0282,PC-3185,Logon
{H5O8-A4QC27IC-4467CIAF},01/04/2010 08:51:16,DTAA/THB0783,PC-0906,Logon
{P4S5-I7BS18XL-5413QUML},01/04/2010 08:51:21,DTAA/VJD0704,PC-0639,Logon
{X2Q8-D2FP46HO-7961WMZZ},01/04/2010 08:51:35,DTAA/TER0923,PC-0011,Logon
{V4Q5-J2TD77ML-1366XDNM},01/04/2010 08:51:39,DTAA/ODW0839,PC-1940,Logon
{D0C4-I7TV92VS-4623IPEZ},01/04/2010 08:51:42,DTAA/THS0006,PC-3234,Logon
{J7H8-S2NX64CZ-7489MBIQ},01/04/2010 08:51:57,DTAA/KKC0575,PC-1458,Logon
{I1A0-X0JB22XA-5065RLGO},01/04/2010 08:52:00,DTAA/CDE0193,PC-3996,Logon
{R1I5-Z1UQ24CS-4138JICF},01/04/2010 08:52:06,DTAA/SSC0387,PC-2858,Logon
{M5Z1-F1EE91WM-7953XMBR},01/04/2010 08:52:18,DTAA/BCH0912,PC-2485,Logon
{E6I7-X0EV06TU-6747UIQF},01/04/2010 08:52:18,DTAA/CAM0975,PC-1922,Logon
{V4Y4-D0HB87MF-4294PKFF},01/04/2010 08:52:19,DTAA/RAA0594,PC-1665,Logon
{U7N3-W3TI18UB-6366DLKX},01/04/2010 08:52:21,DTAA/RJP0874,PC-3476,Logon
{P8N6-Z1KK27TP-2840BIXB},01/04/2010 08:52:25,DTAA/JQH0724,PC-3070,Logon
{U8U5-A5CW81XF-8154YSUO},01/04/2010 08:52:26,DTAA/BAK0787,PC-0433,Logon
{X0M3-H2YS33CL-2739MZVJ},01/04/2010 08:52:33,DTAA/PMB0702,PC-1792,Logon
{F8W5-L9TA51IR-1712UQCD},01/04/2010 08:52:42,DTAA/BPC0533,PC-1229,Logon
{N6S1-U0EW98DE-7146VPGY},01/04/2010 08:52:49,DTAA/DME0620,PC-3739,Logon
{N3I3-O9JV46LO-5980BOJN},01/04/2010 08:52:50,DTAA/BZH0120,PC-0839,Logon
{O0J0-C6QA34EE-8403PHBG},01/04/2010 08:52:54,DTAA/TXR0884,PC-3310,Logon
{S5W2-D0SM86WC-8933JGFJ},01/04/2010 08:52:55,DTAA/BDI0634,PC-4076,Logon
{C2U9-P2YW45TP-1847CJPG},01/04/2010 08:53:03,DTAA/WPH0764,PC-2350,Logon
{J1D2-W8MT59RM-4330YIGW},01/04/2010 08:53:10,DTAA/OJH0425,PC-4118,Logoff
{G5A0-F4JA99XL-0461ZWQU},01/04/2010 08:53:28,DTAA/CBC0653,PC-1048,Logon
{Y0M2-C0QZ36FT-3598QQVC},01/04/2010 08:53:53,DTAA/ABG0179,PC-4171,Logon
{L1A1-I8YS14EZ-8707DRWO},01/04/2010 08:54:02,DTAA/AMD0432,PC-2555,Logon
{I5F5-B1PU60BY-2579DAZI},01/04/2010 08:54:08,DTAA/MAH0712,PC-2112,Logon
{Y4V6-V4IP60WR-1027EVGR},01/04/2010 08:54:23,DTAA/AJP0553,PC-1270,Logon
{S8I5-X1KL44NU-8691IXQT},01/04/2010 08:54:49,DTAA/RAH0968,PC-3119,Logon
{V2X7-U1JQ98ST-0141BZOV},01/04/2010 08:55:33,DTAA/JCG0817,PC-4339,Logon
{Z8L6-X3VQ76OW-3247UFVA},01/04/2010 08:55:41,DTAA/JLL0930,PC-0035,Logon
{Z6B4-C1VT65YS-0385UZZD},01/04/2010 08:55:42,DTAA/ARC0677,PC-0465,Logon
{J0G2-I5QM75WU-9568QODQ},01/04/2010 08:55:45,DTAA/SSC0047,PC-1537,Logon
{T4Z6-I9VW50SW-6383MVQT},01/04/2010 08:55:46,DTAA/CIB0489,PC-4452,Logon
{O8Q7-W0YK26MN-8436HXKA},01/04/2010 08:55:47,DTAA/DKR0696,PC-1434,Logon
{X9Y1-J4NX01YT-3762TEZA},01/04/2010 08:55:57,DTAA/RXM0204,PC-4875,Logon
{H8I4-B9GW68AF-7042UGOE},01/04/2010 08:56:20,DTAA/XQW0354,PC-4067,Logon
{A3P6-F5UC44XK-2711EXOR},01/04/2010 08:56:57,DTAA/BJM0992,PC-2364,Logon
{K4T4-T8GH06NC-9660BQAU},01/04/2010 08:57:27,DTAA/CGR0202,PC-2454,Logon
{Z6W0-E9IC15FJ-3836WVYC},01/04/2010 08:58:02,DTAA/RDT0659,PC-1382,Logon
{N4A5-K3LG64OJ-1144QGXE},01/04/2010 08:58:20,DTAA/RRF0245,PC-0019,Logon
{Z7D9-X0BW88HM-9860UHGB},01/04/2010 08:58:39,DTAA/CLN0999,PC-2365,Logon
{X3G4-A8JL02CA-4679NVNY},01/04/2010 08:59:18,DTAA/SIP0805,PC-0081,Logon
{N0K2-U1NQ65JP-5349PBKT},01/04/2010 08:59:19,DTAA/LAM0952,PC-3449,Logon
{B2E8-X1FY35HZ-0693JZEJ},01/04/2010 08:59:20,DTAA/ACM0061,PC-1324,Logon
{N1K2-N3CA59FQ-8691GARU},01/04/2010 09:00:08,DTAA/TDW0348,PC-4642,Logon
{A9Y0-Z7GB10QG-4420QTUK},01/04/2010 09:01:53,DTAA/DAW0221,PC-4162,Logon
{B8K9-U6AW65SH-9261TNSI},01/04/2010 09:02:09,DTAA/NJS0448,PC-1589,Logon
{A5T5-M9ZR50IK-9482PCAC},01/04/2010 09:03:06,DTAA/ORW0580,PC-2835,Logon
{I6J7-S9WH23FA-3060BFEP},01/04/2010 09:04:09,DTAA/CAH0610,PC-4467,Logon
{S3D5-Y3NA97RQ-1151SYZI},01/04/2010 09:04:17,DTAA/BMR0412,PC-3501,Logon
{V0A3-Y7KJ32PX-1985WODL},01/04/2010 09:04:25,DTAA/JBL0450,PC-2338,Logon
{C5Q2-L8EC28SS-0372EEWV},01/04/2010 09:04:57,DTAA/MCF0427,PC-3754,Logon
{M5T0-P2CX86NO-9770VCHV},01/04/2010 09:05:05,DTAA/MJM0228,PC-2127,Logon
